Date,Price,Apple Daily Return,Market Return,Equal-Weighted Return
20070103,83.8,-0.012258,-0.001356,-0.000159
20070104,85.66,0.022196,0.000607,0.000591
20070105,85.05,-0.007121,-0.007247,-0.009809
20070108,85.47,0.004938,0.002557,0.001731
20070109,92.57,0.08307,-0.000018,0.000262
20070110,97,0.047856,0.002094,0.001338
20070111,95.8,-0.012371,0.007298,0.00776
20070112,94.62,-0.012317,0.006144,0.006821
20070116,97.1,0.02621,0.000329,0.000561
20070117,94.95,-0.022142,-0.000606,-0.000106
20070118,89.07,-0.061927,-0.00478,-0.007338
20070119,88.5,-0.006399,0.004369,0.005339
20070122,86.79,-0.019322,-0.005419,-0.004337
20070123,85.7,-0.012559,0.005237,0.0062
20070124,86.7,0.011669,0.008694,0.006918
20070125,86.25,-0.00519,-0.010806,-0.007872
20070126,85.38,-0.010087,0.000139,0.003034
20070129,85.94,0.006559,0.000128,0.003428
20070130,85.55,-0.004538,0.005736,0.005123
20070131,85.73,0.002104,0.006309,0.00352
20070201,84.74,-0.011548,0.006272,0.006416
20070202,84.75,0.000118,0.001217,0.002299
20070205,83.94,-0.009557,-0.00057,-0.001074
20070206,84.15,0.002502,0.001549,0.003197
20070207,86.15,0.023767,0.002245,0.003716
20070208,86.18,0.000348,-0.000457,0.001075
20070209,83.27,-0.033767,-0.006879,-0.004901
20070212,84.88,0.019335,-0.00391,-0.002915
20070213,84.63,-0.002945,0.008057,0.005359
20070214,85.3,0.007917,0.00726,0.004639
20070215,85.21,-0.001055,0.001731,0.001444
20070216,84.83,-0.00446,0.000477,0.00264
20070220,85.9,0.012613,0.003606,0.005982
20070221,89.2,0.038417,-0.000274,0.001667
20070222,89.51,0.003475,-0.000362,0.002277
20070223,89.07,-0.004916,-0.002576,0.000068
20070226,88.65,-0.004715,-0.001326,-0.00108
20070227,83.93,-0.053243,-0.034103,-0.031232
20070228,84.61,0.008102,0.004685,0.003802
20070301,87.06,0.028956,-0.00285,-0.004932
20070302,85.41,-0.018952,-0.012476,-0.011435
20070305,86.3199,0.010653,-0.012014,-0.017184
20070306,88.19,0.021665,0.016743,0.017683
20070307,87.72,-0.005329,-0.001346,0.000064
20070308,88,0.003192,0.007243,0.005598
20070309,87.97,-0.000341,0.001628,0.001708
20070312,89.87,0.021598,0.003146,0.004002
20070313,88.4,-0.016357,-0.020152,-0.017483
20070314,90,0.0181,0.005427,0.00228
20070315,89.57,-0.004778,0.004783,0.006076
20070316,89.59,0.000223,-0.003609,-0.003144
20070319,91.13,0.017189,0.011054,0.007394
20070320,91.48,0.003841,0.006793,0.005634
20070321,93.87,0.026126,0.016755,0.012048
20070322,93.96,0.000959,-0.000142,0.002375
20070323,93.52,-0.004683,0.001714,0.002268
20070326,95.85,0.024914,0.000552,0.00005
20070327,95.46,-0.004069,-0.005695,-0.004883
20070328,93.24,-0.023256,-0.006998,-0.004442
20070329,93.75,0.00547,0.003514,0.00198
20070330,92.91,-0.00896,-0.000367,0.002461
20070402,93.65,0.007965,0.003036,0.002025
20070403,94.5,0.009076,0.008919,0.006778
20070404,94.27,-0.002434,0.001489,0.001204
20070405,94.68,0.004349,0.003627,0.003187
20070409,93.65,-0.010879,0.000587,0.000858
20070410,94.25,0.006407,0.002692,0.002476
20070411,92.59,-0.017613,-0.005862,-0.004224
20070412,92.19,-0.00432,0.006381,0.00578
20070413,90.24,-0.021152,0.003734,0.005191
20070416,91.43,0.013187,0.010487,0.009227
20070417,90.35,-0.011812,0.001029,-0.000892
20070418,90.4,0.000553,0.000314,-0.000862
20070419,90.27,-0.001438,-0.0028,-0.004174
20070420,90.97,0.007755,0.009335,0.00788
20070423,93.51,0.027921,-0.001728,-0.000693
20070424,93.24,-0.002887,-0.000743,-0.001111
20070425,95.348,0.022608,0.009474,0.005081
20070426,98.84,0.036624,-0.000575,-0.00009
20070427,99.92,0.010927,-0.000787,-0.001686
20070430,99.8,-0.001201,-0.009285,-0.008639
20070501,99.47,-0.003307,0.001748,-0.000804
20070502,100.39,0.009249,0.008281,0.00914
20070503,100.4,0.0001,0.003888,0.001993
20070504,100.81,0.004084,0.002887,0.00265
20070507,103.92,0.03085,0.002603,0.000893
20070508,105.06,0.01097,-0.001402,-0.002055
20070509,106.88,0.017323,0.003685,0.003003
20070510,107.34,0.004304,-0.013744,-0.013007
20070511,108.74,0.013043,0.010358,0.008263
20070514,109.36,0.005702,-0.0027,-0.004631
20070515,107.52,-0.016825,-0.001858,-0.006056
20070516,107.34,-0.001674,0.007334,0.002548
20070517,109.44,0.019564,-0.000504,-0.002035
20070518,110.02,0.0053,0.006784,0.005646
20070521,111.98,0.017815,0.003246,0.00599
20070522,113.54,0.013931,0.000937,0.004045
20070523,112.89,-0.005725,-0.000939,-0.000894
20070524,110.69,-0.019488,-0.011322,-0.011304
20070525,113.62,0.02647,0.006379,0.006418
20070529,114.35,0.006425,0.003061,0.004874
20070530,118.77,0.038653,0.008236,0.004318
20070531,121.191,0.020384,0.001608,0.004507
20070601,118.4,-0.02303,0.005132,0.005396
20070604,121.33,0.024747,0.002108,0.002545
20070605,122.67,0.011044,-0.005316,-0.00357
20070606,123.64,0.007907,-0.009361,-0.007294
20070607,124.069,0.00347,-0.018107,-0.01422
20070608,124.49,0.003393,0.010776,0.006328
20070611,120.19,-0.034541,0.001117,0.000193
20070612,120.38,0.001581,-0.010829,-0.010319
20070613,117.5,-0.023924,0.014168,0.008852
20070614,118.75,0.010638,0.005361,0.004925
20070615,120.5,0.014737,0.007417,0.007951
20070618,125.09,0.038091,-0.000898,0.000237
20070619,123.66,-0.011432,0.001778,0.002899
20070620,121.55,-0.017063,-0.012711,-0.008315
20070621,123.9,0.019334,0.005389,0.002338
20070622,123,-0.007264,-0.010741,-0.005932
20070625,122.34,-0.005366,-0.004826,-0.006476
20070626,119.65,-0.021988,-0.004023,-0.003078
20070627,121.89,0.018721,0.009352,0.008031
20070628,120.56,-0.010911,0.000737,0.002357
20070629,122.04,0.012276,-0.000728,0.000124
20070702,121.26,-0.006391,0.01141,0.008541
20070703,127.17,0.048738,0.003445,0.002199
20070705,132.75,0.043878,0.001211,0.001641
20070706,132.3,-0.00339,0.004461,0.003896
20070709,130.33009,-0.01489,0.001557,0.002156
20070710,132.35001,0.015498,-0.01359,-0.010451
20070711,132.39,0.000302,0.005066,0.002479
20070712,134.0699,0.012689,0.017507,0.010693
20070713,137.73,0.0273,0.003172,0.001082
20070716,138.10001,0.002686,-0.003051,-0.004465
20070717,138.9099,0.005865,-0.000087,0.00006
20070718,138.12,-0.005686,-0.001547,-0.003549
20070719,140,0.013611,0.004876,0.005587
20070720,143.75,0.026786,-0.011674,-0.009234
20070723,143.7,-0.000348,0.003035,-0.000493
20070724,134.88989,-0.061309,-0.020115,-0.019044
20070725,137.25999,0.017571,0.002673,-0.002476
20070726,146,0.063675,-0.023867,-0.021884
20070727,143.85001,-0.014726,-0.014742,-0.010659
20070730,141.42999,-0.016823,0.0093,0.004439
20070731,131.75999,-0.068373,-0.010135,-0.003866
20070801,135,0.02459,0.004121,-0.005684
20070802,136.49001,0.011037,0.00597,0.004093
20070803,131.8499,-0.033996,-0.025937,-0.022608
20070806,135.25,0.025788,0.018014,0.000292
20070807,135.03011,-0.001626,0.006584,0.005444
20070808,134.00999,-0.007555,0.015618,0.01773
20070809,126.39,-0.056861,-0.026897,-0.015539
20070810,125,-0.010998,-0.000482,-0.000983
20070813,127.79,0.02232,-0.000566,-0.001632
20070814,124.03,-0.029423,-0.019061,-0.017482
20070815,119.9,-0.033298,-0.015664,-0.016756
20070816,117.05,-0.02377,0.001857,-0.003934
20070817,122.06,0.042802,0.02441,0.021044
20070820,122.22,0.001311,0.001614,0.004
20070821,127.57,0.043774,0.002165,0.003189
20070822,132.50999,0.038724,0.013029,0.013399
20070823,131.07001,-0.010867,-0.001612,-0.002708
20070824,135.3,0.032273,0.012341,0.009734
20070827,132.25,-0.022543,-0.008306,-0.004717
20070828,126.82,-0.041059,-0.023434,-0.018346
20070829,134.08,0.057247,0.021825,0.016636
20070830,136.25,0.016184,-0.003795,-0.002015
20070831,138.48,0.016367,0.012291,0.012035
20070904,144.16,0.041017,0.011107,0.008003
20070905,136.75999,-0.051332,-0.010076,-0.007605
20070906,135.00999,-0.012796,0.004426,0.003937
20070907,131.77,-0.023998,-0.016224,-0.012456
20070910,136.71001,0.03749,-0.002901,-0.005696
20070911,135.49001,-0.008924,0.013512,0.009619
20070912,136.85001,0.010038,0.000217,-0.001838
20070913,137.2,0.002557,0.00739,0.001737
20070914,138.81,0.011735,0.001268,0.00202
20070917,138.41,-0.002882,-0.005812,-0.007233
20070918,140.92,0.018134,0.029284,0.023126
20070919,140.7699,-0.001065,0.00578,0.008313
20070920,140.31,-0.003267,-0.005201,-0.004042
20070921,144.14999,0.027368,0.004909,0.004343
20070924,148.28,0.028651,-0.004463,-0.004006
20070925,153.17999,0.033046,-0.000439,-0.002189
20070926,152.77,-0.002677,0.005503,0.005468
20070927,154.5,0.011324,0.005353,0.006289
20070928,153.47,-0.006667,-0.002693,-0.001759
20071001,156.339,0.018694,0.013721,0.01251
20071002,158.45,0.013503,0.000501,0.004613
20071003,157.9201,-0.003344,-0.00515,-0.003678
20071004,156.24001,-0.010639,0.002715,0.003147
20071005,161.44991,0.033345,0.011821,0.012578
20071008,167.91,0.040013,-0.003014,-0.00233
20071009,167.86,-0.000298,0.008053,0.006015
20071010,166.78999,-0.006374,-0.000231,0.001133
20071011,162.23,-0.02734,-0.005192,-0.007075
20071012,167.25369,0.030967,0.005326,0.005038
20071015,166.98,-0.001636,-0.00859,-0.008211
20071016,169.58,0.015571,-0.007025,-0.006445
20071017,172.75,0.018693,0.002858,0.001282
20071018,173.5,0.004342,0.000369,0.000275
20071019,170.42,-0.017752,-0.024578,-0.020862
20071022,174.36,0.023119,0.003271,0.003888
20071023,186.16,0.067676,0.010251,0.007452
20071024,185.92999,-0.001236,-0.00323,-0.004885
20071025,182.78,-0.016942,-0.001013,-0.002178
20071026,184.7,0.010504,0.013812,0.010359
20071029,185.09,0.002112,0.00538,0.002905
20071030,187,0.010319,-0.006902,-0.005777
20071031,189.95,0.015775,0.013184,0.009573
20071101,187.44,-0.013214,-0.025891,-0.02411
20071102,187.87,0.002294,0.002065,-0.000496
20071105,186.17999,-0.008996,-0.006617,-0.009896
20071106,191.78999,0.030132,0.012828,0.006438
20071107,186.2999,-0.028626,-0.026867,-0.022753
20071108,175.46629,-0.058151,-0.00059,-0.001326
20071109,165.37,-0.05754,-0.015042,-0.010192
20071112,153.75999,-0.070206,-0.014019,-0.011189
20071113,169.96001,0.105359,0.027895,0.018369
20071114,166.11,-0.022652,-0.005795,-0.004734
20071115,164.3,-0.010896,-0.014102,-0.011762
20071116,166.39,0.012721,0.004588,-0.001511
20071119,163.95,-0.014664,-0.018689,-0.020127
20071120,168.85001,0.029887,0.003993,-0.003493
20071121,168.46001,-0.00231,-0.015273,-0.01139
20071123,171.53999,0.018283,0.01633,0.015283
20071126,172.5419,0.005841,-0.020443,-0.016998
20071127,174.81,0.013145,0.012299,0.003986
20071128,180.22,0.030948,0.029414,0.024263
20071129,184.28999,0.022583,-0.00034,-0.000088
20071130,182.22,-0.011232,0.0071,0.00704
20071203,178.86,-0.018439,-0.005526,-0.006714
20071204,179.81,0.005311,-0.007238,-0.007345
20071205,185.5,0.031645,0.014452,0.010811
20071206,189.9528,0.024004,0.015719,0.016994
20071207,194.3,0.022886,-0.000223,0.002029
20071210,194.21001,-0.000463,0.007772,0.005163
20071211,188.54041,-0.029193,-0.025429,-0.020362
20071212,190.86,0.012303,0.005691,0.002328
20071213,191.83,0.005082,-0.000987,-0.005211
20071214,190.39,-0.007507,-0.013464,-0.013185
20071217,184.39999,-0.031462,-0.016025,-0.017896
20071218,182.98,-0.007701,0.006435,0.007592
20071219,183.12,0.000765,-0.00033,0.000468
20071220,187.21001,0.022335,0.006283,0.00577
20071221,193.91,0.035789,0.017088,0.015064
20071224,198.8,0.025218,0.009139,0.009065
20071226,198.95,0.000754,0.001502,0.003201
20071227,198.57001,-0.00191,-0.013541,-0.014165
20071228,199.83,0.006345,0.002044,-0.000388
20071231,198.08,-0.008757,-0.006522,0.001093
20080102,194.84,-0.016357,-0.011799,-0.006595
20080103,194.92999,0.000462,-0.000951,-0.004544
20080104,180.05,-0.076335,-0.025649,-0.022417
20080107,177.64,-0.013385,0.000202,-0.001854
20080108,171.25,-0.035972,-0.017021,-0.014033
20080109,179.39999,0.047591,0.010008,-0.000434
20080110,178.02,-0.007692,0.008399,0.009699
20080111,172.69,-0.02994,-0.013906,-0.011295
20080114,178.78,0.035265,0.010461,0.007797
20080115,169.03999,-0.05448,-0.024732,-0.018427
20080116,159.64,-0.055608,-0.006669,-0.000088
20080117,160.89,0.00783,-0.027708,-0.021596
20080118,161.36,0.002921,-0.005568,-0.007317
20080122,155.64,-0.035449,-0.00942,-0.010336
20080123,139.07201,-0.106451,0.019785,0.018216
20080124,135.60001,-0.024965,0.012549,0.011073
20080125,130.00999,-0.041224,-0.012996,-0.00154
20080128,130.00999,0,0.017169,0.013508
20080129,131.53999,0.011768,0.006383,0.007683
20080130,132.17999,0.004865,-0.005362,-0.002545
20080131,135.36,0.024058,0.014949,0.015154
20080201,133.75,-0.011894,0.015984,0.015751
20080204,131.64999,-0.015701,-0.008978,-0.003026
20080205,129.36,-0.017395,-0.030844,-0.021564
20080206,122,-0.056895,-0.007995,-0.007234
20080207,121.24,-0.00623,0.007726,0.00519
20080208,125.48,0.034972,-0.002061,-0.002751
20080211,129.45,0.031638,0.005804,0.002814
20080212,124.86,-0.035458,0.006273,0.004114
20080213,129.39999,0.036361,0.014371,0.01317
20080214,127.46,-0.014992,-0.01321,-0.013637
20080215,124.63,-0.022203,-0.000453,-0.004058
20080219,122.18,-0.019658,0.00061,0.002554
20080220,123.82,0.013423,0.008863,0.005108
20080221,121.54,-0.018414,-0.011838,-0.009669
20080222,119.46,-0.017114,0.006786,0.000398
20080225,119.74,0.002344,0.015084,0.013327
20080226,119.15,-0.004927,0.00823,0.009598
20080227,122.96,0.031976,-0.000752,-0.000004
20080228,129.91,0.056522,-0.007707,-0.008707
20080229,125.02,-0.037641,-0.026141,-0.020156
20080303,121.73,-0.026316,-0.000421,-0.005173
20080304,124.62,0.023741,-0.004786,-0.006713
20080305,124.4899,-0.001044,0.006936,0.003282
20080306,120.93,-0.028596,-0.022017,-0.021415
20080307,122.25,0.010915,-0.008743,-0.00765
20080310,119.69,-0.020941,-0.018204,-0.020818
20080311,127.3501,0.063999,0.035775,0.027089
20080312,126.03,-0.010366,-0.007009,-0.004186
20080313,127.94,0.015155,0.007298,0.007472
20080314,126.61,-0.010396,-0.020001,-0.018156
20080317,126.73,0.000948,-0.014934,-0.020958
20080318,132.82001,0.048055,0.039579,0.028541
20080319,129.67,-0.023716,-0.02608,-0.017065
20080320,133.27,0.027763,0.021198,0.014586
20080324,139.53,0.046972,0.017597,0.02172
20080325,140.98,0.010392,0.005733,0.010894
20080326,145.06,0.02894,-0.006414,-0.002748
20080327,140.25,-0.033159,-0.010132,-0.004629
20080328,143.00999,0.019679,-0.007967,-0.007239
20080331,143.5,0.003426,0.005303,0.005286
20080401,149.53011,0.042022,0.03213,0.020949
20080402,147.49001,-0.013643,0.000373,0.003264
20080403,151.61,0.027934,0.002678,0.001723
20080404,153.08,0.009696,0.001961,0.00279
20080407,155.89,0.018356,0.001722,0.001831
20080408,152.84,-0.019565,-0.003178,-0.002678
20080409,151.44,-0.00916,-0.008983,-0.011449
20080410,154.55,0.020536,0.005614,0.00507
20080411,147.14,-0.047946,-0.019545,-0.015648
20080414,147.78,0.00435,-0.002552,-0.00439
20080415,148.38,0.00406,0.005079,0.002152
20080416,153.7,0.035854,0.024166,0.017917
20080417,154.49001,0.00514,-0.00121,-0.001984
20080418,161.03999,0.042397,0.016559,0.01248
20080421,168.16,0.044213,-0.000548,-0.001554
20080422,160.2,-0.047336,-0.00927,-0.01282
20080423,162.89,0.016792,0.001118,0.002103
20080424,168.94,0.037142,0.005064,0.007875
20080425,169.73,0.004676,0.006925,0.0057
20080428,172.24001,0.014788,0.000256,0.003713
20080429,175.05,0.016314,-0.005672,-0.004852
20080430,173.95,-0.006284,-0.001534,0.00172
20080501,180,0.03478,0.014538,0.010972
20080502,180.94,0.005222,0.003254,0.000372
20080505,184.73,0.020946,-0.002632,-0.001149
20080506,186.66,0.010448,0.008433,0.006268
20080507,182.59,-0.021804,-0.015896,-0.011596
20080508,185.06,0.013528,0.004618,0.002007
20080509,183.45,-0.0087,-0.004576,-0.000632
20080512,188.16,0.025675,0.010999,0.010799
20080513,189.96001,0.009566,0.000773,0.002637
20080514,186.25999,-0.019478,0.003049,0.002006
20080515,189.73,0.01863,0.01115,0.008123
20080516,187.6201,-0.011121,0.002438,0.001134
20080519,183.60001,-0.021427,-0.0002,-0.000465
20080520,185.89999,0.012527,-0.005974,-0.003441
20080521,178.19,-0.041474,-0.015342,-0.00903
20080522,177.05,-0.006398,0.002913,0.003284
20080523,181.17,0.02327,-0.011547,-0.007284
20080527,186.42999,0.029033,0.0049,0.006128
20080528,187.00999,0.003111,0.005713,0.003516
20080529,186.69,-0.001711,0.004377,0.005273
20080530,188.75,0.011034,0.003255,0.004897
20080602,186.10001,-0.01404,-0.009,-0.008327
20080603,185.37,-0.003923,-0.004852,-0.001827
20080604,185.19,-0.000971,-0.000893,0.00137
20080605,189.42999,0.022895,0.020245,0.014712
20080606,185.64,-0.020007,-0.026691,-0.019843
20080609,181.61,-0.021709,-0.000578,-0.007748
20080610,185.64,0.02219,-0.004987,-0.005347
20080611,180.81,-0.026018,-0.015188,-0.01496
20080612,173.25999,-0.041757,0.001445,0.001061
20080613,172.37,-0.005137,0.014698,0.012216
20080616,176.84,0.025933,0.003272,0.005438
20080617,181.42999,0.025956,-0.003933,-0.004316
20080618,178.75,-0.014771,-0.008274,-0.008334
20080619,180.89999,0.012028,0.002409,0.002759
20080620,175.27,-0.031122,-0.017481,-0.013799
20080623,173.16,-0.012039,-0.000847,-0.008986
20080624,173.25,0.00052,-0.006222,-0.009818
20080625,177.39,0.023896,0.006262,0.007373
20080626,168.25999,-0.051469,-0.02619,-0.01921
20080627,170.09,0.010876,-0.002492,-0.005735
20080630,167.44,-0.01558,-0.001021,-0.005703
20080701,174.67999,0.043239,0.001835,-0.006281
20080702,168.17999,-0.037211,-0.020975,-0.018104
20080703,170.12,0.011535,-0.002413,-0.006058
20080707,175.16,0.029626,-0.008575,-0.011637
20080708,179.55,0.025063,0.017021,0.018354
20080709,174.25,-0.029518,-0.019365,-0.014158
20080710,176.63,0.013659,0.007651,0.002293
20080711,172.58,-0.022929,-0.008282,-0.003134
20080714,173.88,0.007533,-0.008205,-0.012314
20080715,169.64,-0.024385,-0.011488,-0.009188
20080716,172.81,0.018687,0.024022,0.026523
20080717,171.81,-0.005787,0.00964,0.016424
20080718,165.14999,-0.038764,0.00035,0.000886
20080721,166.28999,0.006903,0.00397,0.006922
20080722,162.02,-0.025678,0.01111,0.015198
20080723,166.25999,0.02617,0.001826,0.006601
20080724,159.03,-0.043486,-0.024296,-0.018608
20080725,162.12,0.01943,0.005552,0.006381
20080728,154.39999,-0.047619,-0.016519,-0.013749
20080729,157.08,0.017358,0.021222,0.016848
20080730,159.88,0.017825,0.016483,0.006791
20080731,158.95,-0.005817,-0.011707,-0.002699
20080801,156.66,-0.014407,-0.005174,-0.000643
20080804,153.23,-0.021895,-0.013364,-0.012175
20080805,160.64,0.048359,0.02449,0.013529
20080806,164.19,0.022099,0.005722,0.006614
20080807,163.57001,-0.003776,-0.016834,-0.012514
20080808,169.55,0.036559,0.019178,0.015856
20080811,173.56,0.023651,0.006662,0.010688
20080812,176.73,0.018265,-0.009628,-0.005649
20080813,179.3,0.014542,-0.000113,0.002639
20080814,179.32001,0.000112,0.005063,0.006583
20080815,175.74001,-0.019964,0.001344,-0.00084
20080818,175.39,-0.001992,-0.013382,-0.009901
20080819,173.53,-0.010605,-0.008866,-0.011698
20080820,175.84,0.013312,0.00686,0.002737
20080821,174.28999,-0.008815,0.003188,-0.002198
20080822,176.78999,0.014344,0.009519,0.009552
20080825,172.55,-0.023983,-0.018542,-0.015097
20080826,173.64,0.006317,0.003556,0.002901
20080827,174.67,0.005932,0.009581,0.008219
20080828,173.74001,-0.005324,0.014315,0.013386
20080829,169.53,-0.024232,-0.011673,-0.003383
20080902,166.19,-0.019702,-0.006992,-0.003504
20080903,166.96001,0.004633,-0.002963,-0.000438
20080904,161.22,-0.03438,-0.028926,-0.021585
20080905,160.17999,-0.006451,0.003849,-0.000287
20080908,157.92,-0.014109,0.014858,0.007695
20080909,151.67999,-0.039514,-0.034931,-0.028931
20080910,151.61,-0.000461,0.008548,0.003563
20080911,152.64999,0.00686,0.010959,-0.002843
20080912,148.94,-0.024304,0.005352,0.004946
20080915,140.36,-0.057607,-0.045666,-0.039339
20080916,139.88,-0.00342,0.015191,0.003425
20080917,127.83,-0.086145,-0.045473,-0.040852
20080918,134.09,0.048971,0.044137,0.041546
20080919,140.91,0.050861,0.046048,0.04956
20080922,131.05,-0.069974,-0.036785,-0.026831
20080923,126.84,-0.032125,-0.015606,-0.012835
20080924,128.71001,0.014743,-0.003268,-0.009146
20080925,131.92999,0.025017,0.016569,0.008859
20080926,128.24001,-0.027969,-0.001992,-0.008253
20080929,105.26,-0.179195,-0.082545,-0.061278
20080930,113.66,0.079802,0.046622,0.027763
20081001,109.12,-0.039944,-0.005668,-0.004615
20081002,100.1,-0.082661,-0.045656,-0.039095
20081003,97.07,-0.03027,-0.01429,-0.016888
20081006,98.14,0.011023,-0.042414,-0.059322
20081007,89.16,-0.091502,-0.057907,-0.047021
20081008,89.79,0.007066,-0.011615,-0.026835
20081009,88.74,-0.011694,-0.072737,-0.063671
20081010,96.8,0.090827,-0.012086,-0.006462
20081013,110.26,0.13905,0.114895,0.107422
20081014,104.08,-0.056049,-0.009038,-0.001674
20081015,97.95,-0.058897,-0.089763,-0.070781
20081016,101.89,0.040225,0.039641,0.029535
20081017,97.4,-0.044067,-0.002486,0.00163
20081020,98.44,0.010678,0.046517,0.035555
20081021,91.49,-0.070601,-0.031474,-0.020675
20081022,96.87,0.058804,-0.059116,-0.048848
20081023,98.23,0.014039,0.000893,-0.020278
20081024,96.38,-0.018833,-0.033442,-0.031303
20081027,92.09,-0.044511,-0.036945,-0.035385
20081028,99.91,0.084917,0.09527,0.050386
20081029,104.55,0.046442,0.001437,0.021629
20081030,111.04,0.062076,0.031983,0.035643
20081031,107.59,-0.03107,0.0181,0.033921
20081103,106.96,-0.005856,-0.000639,0.008679
20081104,110.99,0.037678,0.038998,0.026558
20081105,103.3,-0.069285,-0.050708,-0.037383
20081106,99.1,-0.040658,-0.04909,-0.038082
20081107,98.24,-0.008678,0.026407,0.014462
20081110,95.88,-0.024023,-0.013298,-0.01919
20081111,94.77,-0.011577,-0.024388,-0.028206
20081112,90.12,-0.049066,-0.053602,-0.053999
20081113,96.44,0.070129,0.067985,0.04847
20081114,90.24,-0.064289,-0.043638,-0.039602
20081117,88.14,-0.023271,-0.023976,-0.022056
20081118,89.91,0.020082,0.005706,-0.010726
20081119,86.29,-0.040263,-0.063936,-0.064334
20081120,80.49,-0.067215,-0.070097,-0.06704
20081121,82.58,0.025966,0.061103,0.033462
20081124,92.95,0.125575,0.066109,0.063643
20081125,90.8,-0.023131,0.009689,0.015473
20081126,95,0.046255,0.038377,0.052113
20081128,92.67,-0.024526,0.010105,0.020016
20081201,88.93,-0.040358,-0.089367,-0.07824
20081202,92.47,0.039807,0.037685,0.035206
20081203,95.9,0.037093,0.024011,0.014731
20081204,91.41,-0.04682,-0.030128,-0.02185
20081205,94,0.028334,0.036125,0.026043
20081208,99.72,0.060851,0.040405,0.037923
20081209,100.06,0.00341,-0.022357,-0.014899
20081210,98.21,-0.018489,0.015138,0.022018
20081211,95,-0.032685,-0.029863,-0.026441
20081212,98.27,0.034421,0.010468,0.017839
20081215,94.75,-0.03582,-0.013852,-0.019337
20081216,95.43,0.007177,0.052858,0.046643
20081217,89.16,-0.065703,-0.004824,0.010979
20081218,89.43,0.003028,-0.020522,-0.011857
20081219,90,0.006374,0.003885,0.003826
20081222,85.74,-0.047333,-0.019139,-0.012689
20081223,86.38,0.007464,-0.007582,-0.007736
20081224,85.04,-0.015513,0.004509,0.005042
20081226,85.81,0.009055,0.007193,0.011103
20081229,86.61,0.009323,-0.004364,-0.015176
20081230,86.29,-0.003695,0.024762,0.021418
20081231,85.35,-0.010894,0.017395,0.034456
20090102,90.75,0.063269,0.030501,0.038274
20090105,94.58,0.042204,-0.000473,0.016764
20090106,93.02,-0.016494,0.011311,0.033647
20090107,91.01,-0.021608,-0.030453,-0.022271
20090108,92.7,0.018569,0.006321,0.011896
20090109,90.58,-0.022869,-0.022379,-0.018748
20090112,88.66,-0.021197,-0.025394,-0.026589
20090113,87.71,-0.010715,0.003593,0.003554
20090114,85.33,-0.027135,-0.03517,-0.035065
20090115,83.38,-0.022853,0.004994,0.00563
20090116,82.33,-0.012593,0.008679,0.008792
20090120,78.2,-0.050164,-0.05485,-0.051506
20090121,82.83,0.059207,0.042931,0.036151
20090122,88.36,0.066763,-0.018094,-0.02196
20090123,88.36,0,0.006779,0.003373
20090126,89.64,0.014486,0.006185,0.010067
20090127,90.73,0.01216,0.011213,0.010037
20090128,94.2,0.038245,0.033502,0.030523
20090129,93,-0.012739,-0.032705,-0.02889
20090130,90.13,-0.03086,-0.020773,-0.012829
20090202,91.51,0.015311,-0.001069,0.001559
20090203,92.98,0.016064,0.01436,0.008983
20090204,93.55,0.00613,-0.004422,-0.004053
20090205,96.46,0.031106,0.015532,0.011978
20090206,99.72,0.033796,0.027932,0.026723
20090209,102.51,0.027978,0.001231,0.000768
20090210,97.83,-0.045654,-0.045998,-0.035051
20090211,96.82,-0.010324,0.007307,0.004636
20090212,99.27,0.025305,0.002614,-0.000766
20090213,99.16,-0.001108,-0.008814,-0.002111
20090217,94.53,-0.046692,-0.045265,-0.041883
20090218,94.37,-0.001693,-0.00376,-0.011621
20090219,90.64,-0.039525,-0.011172,-0.015135
20090220,91.2,0.006178,-0.01176,-0.02002
20090223,86.95,-0.046601,-0.036123,-0.030842
20090224,90.25,0.037953,0.040181,0.03775
20090225,91.16,0.010083,-0.010664,-0.015518
20090226,89.19,-0.02161,-0.012148,-0.007036
20090227,89.31,0.001345,-0.01905,-0.010451
20090302,87.94,-0.01534,-0.049809,-0.055698
20090303,88.37,0.00489,-0.006325,-0.013924
20090304,91.17,0.031685,0.025902,0.02968
20090305,88.84,-0.025557,-0.041836,-0.049091
20090306,85.3,-0.039847,0.001617,-0.002234
20090309,83.11,-0.025674,-0.01136,-0.016324
20090310,88.6275,0.066388,0.063381,0.06263
20090311,92.68,0.045725,0.004059,0.005505
20090312,96.35,0.039599,0.041915,0.05127
20090313,95.93,-0.004359,0.006025,0.009588
20090316,95.42,-0.005316,-0.00479,0.001275
20090317,99.66,0.044435,0.031011,0.030369
20090318,101.52,0.018663,0.022361,0.034165
20090319,101.62,0.000985,-0.00799,0.00767
20090320,101.59,-0.000295,-0.0203,-0.014139
20090323,107.66,0.05975,0.069054,0.064792
20090324,106.501,-0.010765,-0.019963,-0.016054
20090325,106.49,-0.000103,0.009016,0.017815
20090326,109.87,0.03174,0.025259,0.035806
20090327,106.85,-0.027487,-0.021632,-0.021529
20090330,104.49,-0.022087,-0.036229,-0.031872
20090331,105.12,0.006029,0.014244,0.020144
20090401,108.69,0.033961,0.017208,0.015828
20090402,112.71,0.036986,0.031717,0.039004
20090403,115.99,0.029101,0.011632,0.012703
20090406,118.45,0.021209,-0.009799,-0.007213
20090407,115,-0.029126,-0.024644,-0.020098
20090408,116.32,0.011478,0.013118,0.017512
20090409,119.57,0.02794,0.039485,0.045859
20090413,120.22,0.005436,0.003951,0.007468
20090414,118.31,-0.015888,-0.019504,-0.012727
20090415,117.64,-0.005663,0.012434,0.013648
20090416,121.45,0.032387,0.016087,0.020373
20090417,123.42,0.016221,0.006018,0.013755
20090420,120.5,-0.023659,-0.044751,-0.042003
20090421,121.76,0.010456,0.022725,0.02902
20090422,121.51,-0.002053,-0.005672,0.005406
20090423,125.4,0.032014,0.009216,0.001729
20090424,123.9,-0.011962,0.018994,0.021507
20090427,124.73,0.006699,-0.011383,-0.01169
20090428,123.902,-0.006638,-0.002817,0.005018
20090429,125.14,0.009992,0.024493,0.028567
20090430,125.83,0.005514,-0.000435,0.004244
20090501,127.24,0.011206,0.00598,0.008472
20090504,132.07001,0.03796,0.035866,0.037638
20090505,132.71001,0.004846,-0.003456,0.002787
20090506,132.5,-0.001582,0.01603,0.015205
20090507,129.06,-0.025962,-0.015464,-0.011281
20090508,129.19,0.001007,0.027318,0.034
20090511,129.57001,0.002941,-0.020737,-0.006809
20090512,124.42,-0.039747,-0.00266,-0.005772
20090513,119.49,-0.039624,-0.031143,-0.036948
20090514,122.95,0.028956,0.012408,0.013597
20090515,122.42,-0.004311,-0.010643,-0.008198
20090518,126.65,0.034553,0.033016,0.034462
20090519,127.45,0.006317,0.000506,0.004847
20090520,125.87,-0.012397,-0.001788,0.000386
20090521,124.18,-0.013427,-0.016573,-0.013909
20090522,122.5,-0.013529,-0.000097,0.000888
20090526,130.78,0.067592,0.028116,0.027228
20090527,133.05,0.017357,-0.017272,-0.010079
20090528,135.07001,0.015182,0.015061,0.008296
20090529,135.81,0.005479,0.014744,0.014973
20090601,139.35001,0.026066,0.027025,0.029234
20090602,139.49001,0.001005,0.003103,0.006477
20090603,140.95,0.010467,-0.017262,-0.010874
20090604,143.74001,0.019794,0.013639,0.019881
20090605,144.67,0.00647,-0.003114,0.001207
20090608,143.85001,-0.005668,-0.002647,-0.003553
20090609,142.72,-0.007855,0.005493,0.008719
20090610,140.25,-0.017307,-0.002836,-0.002291
20090611,139.95,-0.002139,0.007217,0.01081
20090612,136.97,-0.021293,-0.001359,-0.002603
20090615,136.09,-0.006425,-0.025417,-0.023409
20090616,136.35001,0.001911,-0.013118,-0.011482
20090617,135.58,-0.005647,-0.003016,-0.001874
20090618,135.88,0.002213,0.006611,0.003136
20090619,139.48,0.026494,0.004105,0.006317
20090622,137.37,-0.015128,-0.03315,-0.033322
20090623,134.00999,-0.024459,0.002262,-0.00268
20090624,136.22,0.016491,0.00894,0.008663
20090625,139.86,0.026721,0.02162,0.02195
20090626,142.44,0.018447,0.00087,0.009695
20090629,141.97,-0.0033,0.007693,0.00262
20090630,142.42999,0.00324,-0.007753,-0.001692
20090701,142.83,0.002808,0.006079,0.011727
20090702,140.02,-0.019674,-0.028141,-0.02453
20090706,138.61,-0.01007,-0.001717,-0.008867
20090707,135.39999,-0.023159,-0.019569,-0.015998
20090708,137.22,0.013442,-0.003645,-0.01097
20090709,136.36,-0.006267,0.004873,0.005021
20090710,138.52,0.01584,-0.003383,-0.000116
20090713,142.34,0.027577,0.02394,0.016221
20090714,142.27,-0.000492,0.007257,0.008311
20090715,146.88,0.032403,0.031145,0.029617
20090716,147.52,0.004357,0.009459,0.008224
20090717,151.75,0.028674,-0.000098,-0.001876
20090720,152.909,0.007638,0.013498,0.015346
20090721,151.50999,-0.009149,0.002488,-0.00175
20090722,156.74001,0.034519,0.000629,0.006326
20090723,157.82001,0.00689,0.024244,0.022672
20090724,159.98599,0.013724,0.004319,0.006538
20090727,160.10001,0.000713,0.003423,0.007161
20090728,160,-0.000625,-0.003765,0.001287
20090729,160.03,0.000187,-0.006495,-0.005145
20090730,162.78999,0.017247,0.013393,0.015049
20090731,163.39,0.003686,0.002693,0.004968
20090803,166.42999,0.018606,0.017986,0.019051
20090804,165.55,-0.005287,0.002506,0.006835
20090805,165.11,-0.002658,-0.002041,0.000603
20090806,163.91,-0.007268,-0.007506,-0.007208
20090807,165.50999,0.009761,0.013322,0.017849
20090810,164.72,-0.004773,-0.00438,0.002095
20090811,162.83,-0.011474,-0.013759,-0.011713
20090812,165.31,0.015231,0.012276,0.012435
20090813,168.42,0.018813,0.008371,0.007157
20090814,166.78,-0.009738,-0.010003,-0.012073
20090817,159.59,-0.043111,-0.026001,-0.025879
20090818,164,0.027633,0.012014,0.015007
20090819,164.60001,0.003659,0.006921,0.00659
20090820,166.33,0.01051,0.010678,0.010307
20090821,169.22,0.017375,0.018204,0.016437
20090824,169.06,-0.000946,-0.000862,0.00105
20090825,169.39999,0.002011,0.002729,0.005311
20090826,167.41,-0.011747,-0.000803,0.003465
20090827,169.45,0.012186,0.003056,0.002991
20090828,170.05,0.003541,-0.001427,-0.001743
20090831,168.21001,-0.01082,-0.009174,-0.009
20090901,165.298,-0.017312,-0.021949,-0.019637
20090902,165.17999,-0.000714,-0.002633,-0.000628
20090903,166.55,0.008294,0.010686,0.010589
20090904,170.31,0.022576,0.013981,0.01322
20090908,172.92999,0.015384,0.010414,0.011746
20090909,171.14,-0.010351,0.007775,0.01166
20090910,172.56,0.008297,0.011157,0.012918
20090911,172.16,-0.002318,0.000086,0.002029
20090914,173.72,0.009061,0.006368,0.008107
20090915,175.16,0.008289,0.006168,0.009201
20090916,181.87,0.038308,0.016257,0.017454
20090917,184.55,0.014736,-0.003706,-0.00003
20090918,185.02,0.002547,0.001872,0.002461
20090921,184.02,-0.005405,-0.004261,-0.001788
20090922,184.48,0.0025,0.008546,0.009561
20090923,185.5,0.005529,-0.010358,-0.004688
20090924,183.82001,-0.009057,-0.01266,-0.015964
20090925,182.37,-0.007888,-0.006349,-0.002456
20090928,186.1519,0.020738,0.017953,0.015754
20090929,185.38,-0.004147,-0.00107,0.000059
20090930,185.35001,-0.000162,-0.002879,-0.004316
20091001,180.85989,-0.024225,-0.027084,-0.024204
20091002,184.89999,0.022338,-0.005308,-0.006507
20091005,186.024,0.006079,0.016006,0.015677
20091006,190.00999,0.021427,0.014545,0.013401
20091007,190.25,0.001263,0.00305,0.002384
20091008,189.27,-0.005151,0.009683,0.009296
20091009,190.47,0.00634,0.005243,0.006573
20091012,190.81,0.001785,0.003888,0.000513
20091013,190.02,-0.00414,-0.001924,-0.00048
20091014,191.28999,0.006683,0.017819,0.014102
20091015,190.56,-0.003816,0.0024,0.00013
20091016,188.05,-0.013172,-0.008152,-0.006059
20091019,189.86,0.009625,0.009986,0.007874
20091020,198.75999,0.046877,-0.007968,-0.009123
20091021,204.92,0.030992,-0.008346,-0.006952
20091022,205.2,0.001366,0.01014,0.006973
20091023,203.94,-0.00614,-0.012718,-0.013168
20091026,202.48,-0.007159,-0.013198,-0.01299
20091027,197.37,-0.025237,-0.0063,-0.010169
20091028,192.39999,-0.025181,-0.023828,-0.030392
20091029,196.35001,0.02053,0.0238,0.020349
20091030,188.5,-0.03998,-0.028,-0.023885
20091102,189.31,0.004297,0.005085,-0.001022
20091103,188.75,-0.002958,0.005749,0.009401
20091104,190.81,0.010914,0.000864,-0.002387
20091105,194.03011,0.016876,0.019377,0.020275
20091106,194.34,0.001597,0.001556,-0.000597
20091109,201.46001,0.036637,0.02329,0.01569
20091110,202.98,0.007545,-0.000669,-0.006304
20091111,203.25,0.00133,0.005482,0.005813
20091112,201.99001,-0.006199,-0.011727,-0.014038
20091113,204.45,0.012179,0.006826,0.007887
20091116,206.63,0.010663,0.015594,0.016714
20091117,207,0.001791,0.001239,-0.001824
20091118,205.96001,-0.005024,-0.00094,-0.001355
20091119,200.50999,-0.026462,-0.014012,-0.014576
20091120,199.92,-0.002942,-0.003932,-0.001469
20091123,205.88,0.029812,0.012973,0.010755
20091124,204.44,-0.006994,-0.001309,-0.002305
20091125,204.19,-0.001223,0.005829,0.003686
20091127,200.59,-0.017631,-0.018556,-0.016764
20091130,199.91,-0.00339,0.00395,0.002433
20091201,196.97,-0.014707,0.014008,0.012539
20091202,196.23,-0.003757,0.002343,0.005848
20091203,196.48,0.001274,-0.008822,-0.006843
20091204,193.32001,-0.016083,0.005363,0.011082
20091207,188.95,-0.022605,-0.001581,0.001961
20091208,189.87,0.004869,-0.010582,-0.007915
20091209,197.8,0.041765,0.003537,0.00219
20091210,196.42999,-0.006926,0.005291,-0.00118
20091211,194.67,-0.00896,0.003171,0.005236
20091214,196.98,0.011866,0.008465,0.009914
20091215,194.17,-0.014265,-0.004611,-0.004277
20091216,195.03,0.004429,0.0033,0.005027
20091217,191.86,-0.016254,-0.012545,-0.010307
20091218,195.42999,0.018607,0.006087,0.005057
20091221,198.23,0.014327,0.009734,0.009406
20091222,200.36,0.010745,0.004602,0.005825
20091223,202.10001,0.008684,0.004718,0.008581
20091224,209.03999,0.034339,0.005241,0.005349
20091228,211.61,0.012294,0.000984,-0.000149
20091229,209.10001,-0.011861,-0.00093,0.001665
20091230,211.64,0.012147,-0.000668,0.000497
20091231,210.73199,-0.00429,-0.008659,-0.002657
20100104,214.00999,0.015555,0.017121,0.01912
20100105,214.38,0.001729,0.003368,0.002475
20100106,210.97,-0.015906,0.002052,0.00321
20100107,210.58,-0.001849,0.002854,0.006887
20100108,211.98,0.006648,0.004162,0.00723
20100111,210.11,-0.008822,0.001122,0.003568
20100112,207.72,-0.011375,-0.010991,-0.01017
20100113,210.64999,0.014105,0.008639,0.00889
20100114,209.42999,-0.005792,0.00232,0.004431
20100115,205.92999,-0.016712,-0.011321,-0.008664
20100119,215.03999,0.044238,0.012054,0.011286
20100120,211.72501,-0.015416,-0.011062,-0.009048
20100121,208.07201,-0.017254,-0.017736,-0.014191
20100122,197.75,-0.049608,-0.020991,-0.014432
20100125,203.075,0.026928,0.003893,0.000975
20100126,205.94,0.014108,-0.004906,-0.006016
20100127,207.884,0.00944,0.004153,0.00188
20100128,199.28999,-0.04134,-0.011295,-0.008876
20100129,192.063,-0.036264,-0.010283,-0.008187
20100201,194.73,0.013886,0.015088,0.011349
20100202,195.86,0.005803,0.012228,0.008665
20100203,199.23,0.017206,-0.004967,-0.003824
20100204,192.05,-0.036039,-0.031958,-0.028128
20100205,195.46001,0.017756,0.002662,0.000458
20100208,194.12,-0.006856,-0.00823,-0.005335
20100209,196.19,0.010664,0.013882,0.011905
20100210,195.116,-0.005474,-0.001473,0.000019
20100211,198.67,0.018215,0.012092,0.012792
20100212,200.38,0.008607,-0.000656,0.003123
20100216,203.39999,0.015071,0.017967,0.014436
20100217,202.55,-0.004179,0.00466,0.005052
20100218,202.92799,0.001866,0.006188,0.00438
20100219,201.67,-0.006199,0.002455,0.00196
20100222,200.416,-0.006218,-0.001113,0.001982
20100223,197.05901,-0.01675,-0.013062,-0.008435
20100224,200.65601,0.018253,0.008521,0.005359
20100225,202,0.006698,-0.000715,-0.000977
20100226,204.62,0.01297,0.00185,0.001597
20100301,208.99001,0.021357,0.011973,0.012952
20100302,208.85001,-0.00067,0.004407,0.007842
20100303,209.33,0.002298,0.001601,0.002859
20100304,210.71001,0.006592,0.003093,0.004644
20100305,218.95,0.039106,0.014478,0.015175
20100308,219.08,0.000594,0.000734,0.003796
20100309,223.02,0.017984,0.001687,0.002511
20100310,224.84,0.008161,0.005053,0.006236
20100311,225.5,0.002935,0.003972,0.00327
20100312,226.60001,0.004878,0.000743,0.000601
20100315,223.84,-0.01218,-0.000682,-0.003177
20100316,224.45,0.002725,0.008741,0.007166
20100317,224.12,-0.00147,0.005593,0.00472
20100318,224.64999,0.002365,-0.002025,-0.002675
20100319,222.24989,-0.010684,-0.006885,-0.007943
20100322,224.75,0.011249,0.005856,0.00629
20100323,228.36,0.016062,0.007662,0.00846
20100324,229.37,0.004423,-0.006607,-0.005124
20100325,226.64999,-0.011859,-0.002434,-0.003449
20100326,230.89999,0.018751,0.000645,0.000841
20100329,232.39,0.006453,0.006781,0.005704
20100330,235.845,0.014867,0.000455,0.00162
20100331,235,-0.003583,-0.002771,-0.002941
20100401,235.97,0.004128,0.00864,0.006961
20100405,238.49001,0.010679,0.009532,0.013157
20100406,239.53999,0.004403,0.002102,0.005226
20100407,240.60001,0.004425,-0.005359,-0.000953
20100408,239.95,-0.002702,0.002843,0.002693
20100409,241.78999,0.007668,0.006691,0.005845
20100412,242.28999,0.002068,0.001784,0.00388
20100413,242.42999,0.000578,0.000735,0.001568
20100414,245.69,0.013447,0.012322,0.014968
20100415,248.92,0.013147,0.000098,0.002761
20100416,247.39999,-0.006106,-0.016104,-0.010972
20100419,247.07001,-0.001334,0.002261,-0.002911
20100420,244.59,-0.010038,0.009795,0.011963
20100421,259.22,0.059814,-0.000546,0.00292
20100422,266.46951,0.027967,0.003573,0.00755
20100423,270.82999,0.016364,0.007441,0.010052
20100426,269.5,-0.004911,-0.003211,0.002661
20100427,262.04001,-0.027681,-0.023846,-0.018843
20100428,261.60001,-0.001679,0.005229,0.001557
20100429,268.64001,0.026911,0.013619,0.013165
20100430,261.09,-0.028105,-0.016825,-0.015029
20100503,266.35001,0.020146,0.012862,0.01135
20100504,258.67999,-0.028797,-0.025348,-0.023949
20100505,255.985,-0.010418,-0.009193,-0.013607
20100506,246.25,-0.03803,-0.032545,-0.033685
20100507,235.86,-0.042193,-0.015838,-0.016989
20100510,253.99001,0.076868,0.044896,0.042804
20100511,256.51999,0.009961,-0.000931,0.004202
20100512,262.09,0.021714,0.016244,0.019124
20100513,258.35999,-0.014232,-0.010841,-0.004875
20100514,253.82001,-0.017572,-0.019385,-0.018568
20100517,254.22,0.001576,-0.000563,-0.003146
20100518,252.36,-0.007316,-0.013635,-0.012871
20100519,248.34,-0.01593,-0.007144,-0.01329
20100520,237.75999,-0.042603,-0.040349,-0.039086
20100521,242.32001,0.019179,0.015276,0.011578
20100524,246.75999,0.018323,-0.012031,-0.006556
20100525,245.22,-0.006241,-0.000157,-0.006476
20100526,244.10899,-0.004531,-0.00287,0.004575
20100527,253.35001,0.037856,0.035092,0.033655
20100528,256.88,0.013933,-0.011746,-0.00663
20100601,260.82999,0.015377,-0.018501,-0.020678
20100602,263.95001,0.011962,0.02656,0.020297
20100603,263.12,-0.003145,0.004793,0.005511
20100604,255.965,-0.027193,-0.035853,-0.032259
20100607,250.94,-0.019632,-0.014002,-0.018182
20100608,249.33,-0.006416,0.009217,-0.001221
20100609,243.2,-0.024586,-0.003829,-0.000242
20100610,250.50999,0.030058,0.029495,0.024915
20100611,253.50999,0.011976,0.006185,0.009444
20100614,254.28,0.003037,0.000012,0.004188
20100615,259.69,0.021276,0.023846,0.019397
20100616,267.25,0.029112,-0.001212,-0.00197
20100617,271.87,0.017287,0.000908,-0.000032
20100618,274.07401,0.008107,0.001705,0.002944
20100621,270.17001,-0.014244,-0.004316,-0.00631
20100622,273.85001,0.013621,-0.016132,-0.013867
20100623,270.97,-0.010517,-0.002925,-0.001877
20100624,269,-0.00727,-0.016249,-0.012404
20100625,266.70001,-0.00855,0.006049,0.010274
20100628,268.29999,0.005999,-0.003124,-0.004658
20100629,256.17001,-0.04521,-0.032886,-0.031187
20100630,251.53,-0.018113,-0.008951,-0.005541
20100701,248.48,-0.012126,-0.003937,-0.007599
20100702,246.94,-0.006198,-0.004746,-0.004368
20100706,248.63,0.006844,0.003311,-0.006419
20100707,258.66501,0.040361,0.030875,0.021937
20100708,258.09,-0.002223,0.009558,0.010041
20100709,259.62,0.005928,0.0089,0.011698
20100712,257.285,-0.008994,-0.001339,-0.005483
20100713,251.798,-0.021327,0.017184,0.021561
20100714,252.72701,0.003689,-0.000638,-0.001089
20100715,251.45,-0.005053,0.00042,-0.003627
20100716,249.89999,-0.006164,-0.028522,-0.024131
20100719,245.58,-0.017287,0.005,0.003039
20100720,251.89,0.025694,0.01263,0.01159
20100721,254.24001,0.009329,-0.012841,-0.009837
20100722,259.02399,0.018817,0.023554,0.023312
20100723,259.94,0.003536,0.009626,0.01352
20100726,259.28,-0.002539,0.011607,0.013834
20100727,264.07999,0.018513,-0.002526,-0.002162
20100728,260.95999,-0.011815,-0.00746,-0.007818
20100729,258.10999,-0.010921,-0.002607,0.00046
20100730,257.25,-0.003332,0.00152,0.003373
20100802,261.85001,0.017881,0.020544,0.0136
20100803,261.92999,0.000305,-0.00514,-0.00456
20100804,262.98001,0.004009,0.007461,0.007322
20100805,261.70001,-0.004867,-0.002492,-0.004121
20100806,260.091,-0.006148,-0.003544,-0.002671
20100809,261.75,0.006379,0.005842,0.006802
20100810,259.41,-0.00894,-0.007991,-0.01158
20100811,250.19,-0.035542,-0.0292,-0.028496
20100812,251.78999,0.006395,-0.004668,-0.003038
20100813,249.10001,-0.010683,-0.003873,-0.004209
20100816,247.64,-0.005861,0.00145,0.00363
20100817,251.97,0.017485,0.013884,0.012332
20100818,253.07001,0.004366,0.002325,0.001914
20100819,249.88,-0.012605,-0.016702,-0.016574
20100820,249.64,-0.00096,-0.00331,-0.001642
20100823,245.8,-0.015382,-0.004849,-0.008724
20100824,239.92999,-0.023881,-0.01443,-0.011864
20100825,242.89,0.012337,0.004572,0.005698
20100826,240.28,-0.010746,-0.006641,-0.004949
20100827,241.62,0.005577,0.018436,0.018576
20100830,242.5,0.003642,-0.014211,-0.013772
20100831,243.10001,0.002474,0.000133,0.00036
20100901,250.33,0.029741,0.029083,0.024891
20100902,252.17,0.00735,0.009531,0.008299
20100903,258.76999,0.026173,0.01297,0.011735
20100907,257.81,-0.00371,-0.011857,-0.012413
20100908,262.92001,0.019821,0.006322,0.006096
20100909,263.07001,0.00057,0.003759,0.002373
20100910,263.41,0.001292,0.004483,0.004082
20100913,267.04001,0.013781,0.012854,0.015681
20100914,268.06,0.00382,-0.000108,-0.000765
20100915,270.22,0.008058,0.002958,0.001406
20100916,276.57001,0.023499,-0.000756,-0.002686
20100917,275.37,-0.004339,0.001132,0.003139
20100920,283.23001,0.028543,0.015165,0.017201
20100921,283.76999,0.001907,-0.003097,-0.002994
20100922,287.75,0.014025,-0.005024,-0.005267
20100923,288.92001,0.004066,-0.008098,-0.006134
20100924,292.32001,0.011768,0.021174,0.020093
20100927,291.164,-0.003955,-0.004456,-0.001493
20100928,286.85999,-0.014782,0.005781,0.007404
20100929,287.37,0.001778,-0.001081,0.002015
20100930,283.75,-0.012597,-0.001993,0.001188
20101001,282.51999,-0.004335,0.004938,0.004502
20101004,278.64001,-0.013733,-0.008282,-0.009036
20101005,288.94,0.036965,0.020549,0.018548
20101006,289.19,0.000865,-0.000341,-0.000477
20101007,289.22,0.000104,-0.002127,-0.001648
20101008,294.07001,0.016769,0.007606,0.009939
20101011,295.35999,0.004387,0.000551,0.001862
20101012,298.54001,0.010767,0.003649,0.00378
20101013,300.14001,0.005359,0.008782,0.011164
20101014,302.31,0.00723,-0.003667,-0.001723
20101015,314.73999,0.041117,0.000698,-0.000574
20101018,318,0.010358,0.00629,0.005744
20101019,309.48999,-0.026761,-0.017199,-0.016739
20101020,310.53,0.00336,0.011258,0.01023
20101021,309.51999,-0.003253,0.000277,-0.003003
20101022,307.47,-0.006623,0.002655,0.005055
20101025,308.84,0.004456,0.003725,0.005167
20101026,308.04999,-0.002558,-0.000428,0.000521
20101027,307.82999,-0.000714,-0.003317,-0.004156
20101028,305.23999,-0.008414,0.001145,-0.000824
20101029,300.98001,-0.013956,0.001654,0.003556
20101101,304.17999,0.010632,0.000145,-0.003474
20101102,309.35999,0.017029,0.009039,0.011684
20101103,312.79999,0.01112,0.003447,0.002305
20101104,318.26999,0.017487,0.01991,0.017268
20101105,317.13,-0.003582,0.004012,0.004517
20101108,318.62,0.004698,-0.0009,0.002147
20101109,316.07999,-0.007972,-0.00848,-0.009232
20101110,318.03,0.006169,0.005428,0.005925
20101111,316.655,-0.004323,-0.003621,-0.00441
20101112,308.03,-0.027238,-0.013378,-0.012531
20101115,307.035,-0.00323,-0.00133,-0.00131
20101116,301.59,-0.017734,-0.01684,-0.01671
20101117,300.5,-0.003614,0.00162,0.00286
20101118,308.42999,0.026389,0.015548,0.012539
20101119,306.73001,-0.005512,0.003735,0.003861
20101122,313.35999,0.021615,-0.000276,0.001011
20101123,308.73001,-0.014775,-0.014125,-0.010221
20101124,314.79501,0.019645,0.015675,0.014312
20101126,315.76001,0.003065,-0.006878,-0.002554
20101129,316.87,0.003515,-0.000909,-0.000616
20101130,311.14999,-0.018052,-0.005788,-0.005344
20101201,316.39999,0.016873,0.02081,0.013234
20101202,318.14999,0.005531,0.012216,0.008935
20101203,317.44,-0.002232,0.003957,0.005105
20101206,320.14999,0.008537,0.000028,0.00299
20101207,318.20999,-0.00606,0.000185,0.000215
20101208,321.01001,0.008799,0.001546,-0.001006
20101209,319.75751,-0.003902,0.003571,0.00349
20101210,320.56,0.00251,0.006423,0.006814
20101213,321.67001,0.003463,0.000187,-0.001501
20101214,320.29001,-0.00429,0.000282,-0.001453
20101215,320.35999,0.000218,-0.005249,-0.004134
20101216,321.25,0.002778,0.005846,0.007882
20101217,320.60999,-0.001992,0.001562,0.003671
20101220,322.20999,0.004991,0.00182,0.00071
20101221,324.20499,0.006192,0.007181,0.008653
20101222,325.16,0.002946,0.003139,0.003301
20101223,323.60001,-0.004798,-0.00119,0.000389
20101227,324.67999,0.003337,0.000674,0.003479
20101228,325.47,0.002433,0.000791,-0.00023
20101229,325.29001,-0.000553,0.002731,0.004116
20101230,323.66,-0.005011,-0.000805,0.001308
20101231,322.56,-0.003399,-0.000238,0.000871
20110103,329.57001,0.021732,0.011205,0.012533
20110104,331.29001,0.005219,-0.003887,-0.006753
20110105,334,0.00818,0.005375,0.007944
20110106,333.73001,-0.000808,-0.002518,-0.001211
20110107,336.12,0.007161,-0.001947,-0.002848
20110110,342.45499,0.018847,-0.000719,0.002287
20110111,341.64001,-0.00238,0.005025,0.005963
20110112,344.42001,0.008137,0.00902,0.008259
20110113,345.67999,0.003658,-0.001887,-0.0005
20110114,348.48001,0.0081,0.006638,0.004736
20110118,340.64999,-0.022469,0.002164,0.002518
20110119,338.84,-0.005313,-0.012229,-0.016081
20110120,332.67999,-0.01818,-0.003821,-0.0076
20110121,326.72,-0.017915,0.001268,-0.000137
20110124,337.45001,0.032842,0.006284,0.006046
20110125,341.39999,0.011705,-0.000435,-0.001076
20110126,343.85001,0.007176,0.007331,0.011708
20110127,343.20999,-0.001861,0.002122,0.001653
20110128,336.10001,-0.020716,-0.017211,-0.017784
20110131,339.32001,0.00958,0.007621,0.005212
20110201,345.03,0.016828,0.017011,0.014753
20110202,344.32001,-0.002058,-0.002218,-0.000556
20110203,343.44,-0.002556,0.002926,0.001939
20110204,346.5,0.00891,0.002168,0.001326
20110207,351.88,0.015527,0.006122,0.006745
20110208,355.20001,0.009435,0.004563,0.003895
20110209,358.16,0.008333,-0.003429,-0.00361
20110210,354.54001,-0.010107,0.001331,0.000472
20110211,356.85001,0.006515,0.006107,0.006629
20110214,359.17999,0.006529,0.00339,0.003197
20110215,359.89999,0.002005,-0.003185,-0.003015
20110216,363.13,0.008975,0.007512,0.006352
20110217,358.29999,-0.013301,0.003948,0.005617
20110218,350.56,-0.021602,0.001228,0.001088
20110222,338.60999,-0.034088,-0.021038,-0.020645
20110223,342.62,0.011843,-0.006545,-0.008481
20110224,342.88,0.000759,-0.000131,0.002655
20110225,348.16,0.015399,0.012918,0.015057
20110228,353.20999,0.014505,0.005333,0.002853
20110301,349.31,-0.011042,-0.014888,-0.011157
20110302,352.12,0.008044,0.002832,0.002967
20110303,359.56,0.021129,0.016077,0.013356
20110304,360,0.001224,-0.00589,-0.003337
20110307,355.35999,-0.012889,-0.009402,-0.009718
20110308,355.76001,0.001126,0.008078,0.008947
20110309,352.47,-0.009248,-0.00244,-0.003092
20110310,346.67001,-0.016455,-0.019775,-0.019528
20110311,351.98999,0.015346,0.006951,0.002937
20110314,353.56,0.00446,-0.005471,-0.006664
20110315,345.42999,-0.022995,-0.011139,-0.010769
20110316,330.01001,-0.04464,-0.016629,-0.010119
20110317,334.64001,0.01403,0.01221,0.00724
20110318,330.67001,-0.011863,0.004854,0.008049
20110321,339.29999,0.026098,0.016433,0.015753
20110322,341.20001,0.0056,-0.003236,-0.001224
20110323,339.19,-0.005891,0.002868,0.002902
20110324,344.97,0.017041,0.008543,0.005814
20110325,351.54001,0.019045,0.003131,0.003927
20110328,350.44,-0.003129,-0.003323,-0.001792
20110329,350.95999,0.001484,0.007159,0.005545
20110330,348.63,-0.006639,0.008219,0.007886
20110331,348.50751,-0.000351,-0.000603,0.002407
20110401,344.56,-0.011327,0.005456,0.003529
20110404,341.19,-0.009781,0.001175,0.000958
20110405,338.89001,-0.006741,0.001333,0.00192
20110406,338.04001,-0.002508,0.00173,0.002638
20110407,338.07999,0.000118,-0.002256,-0.002513
20110408,335.06,-0.008933,-0.003388,-0.004745
20110411,330.79999,-0.012714,-0.00472,-0.006491
20110412,332.39999,0.004837,-0.009235,-0.010338
20110413,336.13,0.011221,0.001298,0.001645
20110414,332.42001,-0.011037,0.000543,0.002637
20110415,327.45999,-0.014921,0.003965,0.004948
20110418,331.85001,0.013406,-0.01161,-0.011487
20110419,337.85999,0.018111,0.005726,0.003512
20110420,342.41,0.013467,0.014271,0.012661
20110421,350.69601,0.024199,0.005873,0.004946
20110425,353.009,0.006595,-0.001841,-0.000562
20110426,350.42001,-0.007334,0.008138,0.005423
20110427,350.14999,-0.000771,0.006167,0.005247
20110428,346.75,-0.00971,0.002938,0.001926
20110429,350.13,0.009748,0.003117,0.003668
20110502,346.28,-0.010996,-0.003565,-0.006003
20110503,348.20001,0.005545,-0.006642,-0.009097
20110504,349.57001,0.003935,-0.007961,-0.008801
20110505,346.75,-0.008067,-0.009445,-0.006183
20110506,346.66,-0.00026,0.004605,0.004575
20110509,347.60001,0.002712,0.006144,0.006964
20110510,349.45001,0.005322,0.008469,0.009877
20110511,347.23001,-0.006353,-0.012233,-0.011619
20110512,346.57001,-0.001901,0.004028,0.004319
20110513,340.5,-0.017515,-0.008902,-0.009009
20110516,333.29999,-0.021145,-0.006952,-0.010372
20110517,336.14001,0.008521,-0.000633,-0.004038
20110518,339.87,0.011097,0.010736,0.010977
20110519,340.53,0.001942,0.002342,0.000843
20110520,335.22,-0.015593,-0.006785,-0.004414
20110523,334.39999,-0.002446,-0.012997,-0.013172
20110524,332.19,-0.006609,-0.000394,-0.001002
20110525,336.78,0.013817,0.005075,0.005819
20110526,335,-0.005285,0.005325,0.007791
20110527,337.41,0.007194,0.00511,0.006103
20110531,347.82999,0.030882,0.010286,0.009375
20110601,345.51001,-0.00667,-0.023067,-0.019626
20110602,346.10199,0.001713,-0.000633,-0.000076
20110603,343.44,-0.007691,-0.009285,-0.009502
20110606,338.04001,-0.015723,-0.012437,-0.013344
20110607,332.04001,-0.017749,0.000266,0.001428
20110608,332.23999,0.000602,-0.005965,-0.010672
20110609,331.48999,-0.002257,0.007465,0.005505
20110610,325.89999,-0.016863,-0.014078,-0.011776
20110613,326.60001,0.002148,-0.000914,-0.005617
20110614,332.44,0.017881,0.013859,0.014384
20110615,326.75,-0.017116,-0.017293,-0.014059
20110616,325.16,-0.004866,-0.000112,-0.0008
20110617,320.26001,-0.015069,0.002157,0.001297
20110620,315.32001,-0.015425,0.005339,0.002474
20110621,325.29999,0.03165,0.015895,0.016179
20110622,322.60999,-0.008269,-0.005477,-0.003055
20110623,331.23001,0.02672,-0.00258,-0.000871
20110624,326.35001,-0.014733,-0.010571,-0.002417
20110627,332.04001,0.017435,0.008068,0.005459
20110628,335.26001,0.009698,0.013696,0.010608
20110629,334.04001,-0.003639,0.008714,0.00495
20110630,335.67001,0.00488,0.009706,0.008397
20110701,343.26001,0.022611,0.013471,0.010064
20110705,349.42999,0.017975,-0.00002,0.000809
20110706,351.76001,0.006668,0.001148,0.002874
20110707,357.20001,0.015465,0.010618,0.011712
20110708,359.70999,0.007027,-0.006331,-0.004797
20110711,354,-0.015874,-0.019341,-0.016317
20110712,353.75,-0.000706,-0.003808,-0.002238
20110713,358.01999,0.012071,0.005005,0.007494
20110714,357.76999,-0.000698,-0.008041,-0.009534
20110715,364.92001,0.019985,0.006169,0.004226
20110718,373.79999,0.024334,-0.00947,-0.011054
20110719,376.85001,0.008159,0.016155,0.013523
20110720,386.89999,0.026668,0.000053,0.000967
20110721,387.29001,0.001008,0.01225,0.008889
20110722,393.29999,0.015518,0.001441,0.001586
20110725,398.5,0.013221,-0.00628,-0.007887
20110726,403.41,0.012321,-0.004539,-0.004068
20110727,392.59,-0.026821,-0.021644,-0.021094
20110728,391.82001,-0.001961,-0.002921,-0.001403
20110729,390.48001,-0.00342,-0.005619,-0.003052
20110801,396.75,0.016057,-0.00361,-0.000879
20110802,388.91,-0.019761,-0.025643,-0.021078
20110803,392.57001,0.009411,0.004954,0.00226
20110804,377.37,-0.038719,-0.050349,-0.047411
20110805,373.62,-0.009937,-0.004785,-0.012547
20110808,353.20999,-0.054628,-0.068665,-0.072385
20110809,374.01001,0.058889,0.051214,0.047193
20110810,363.69,-0.027593,-0.038549,-0.029835
20110811,373.70001,0.027523,0.045248,0.037437
20110812,376.98999,0.008804,0.004764,0.004185
20110815,383.41,0.01703,0.022829,0.02302
20110816,380.48001,-0.007642,-0.010894,-0.012918
20110817,380.44,-0.000105,0.000845,0.000679
20110818,366.04999,-0.037825,-0.04531,-0.041324
20110819,356.03,-0.027373,-0.015358,-0.012201
20110822,356.44,0.001152,0.000037,-0.002608
20110823,373.60001,0.048143,0.033737,0.029031
20110824,376.17999,0.006906,0.011553,0.008018
20110825,373.72,-0.006539,-0.015903,-0.015381
20110826,383.57999,0.026383,0.016437,0.015544
20110829,389.97,0.016659,0.029617,0.031522
20110830,389.98999,0.000051,0.00376,0.004724
20110831,384.82999,-0.013231,0.005091,0.003022
20110901,381.03,-0.009874,-0.012121,-0.013773
20110902,374.04999,-0.018319,-0.024626,-0.022464
20110906,379.73999,0.015212,-0.008132,-0.008986
20110907,383.92999,0.011034,0.029134,0.027153
20110908,384.14001,0.000547,-0.010869,-0.012275
20110909,377.48001,-0.017337,-0.026579,-0.021056
20110912,379.94,0.006517,0.00414,-0.000416
20110913,384.62,0.012318,0.010801,0.011949
20110914,389.29999,0.012168,0.012782,0.011742
20110915,392.95999,0.009401,0.015461,0.008819
20110916,400.5,0.019188,0.003565,0.001512
20110919,411.63,0.02779,-0.010936,-0.014296
20110920,413.45001,0.004421,-0.004106,-0.009079
20110921,412.14001,-0.003168,-0.029425,-0.024666
20110922,401.82001,-0.02504,-0.034394,-0.032856
20110923,404.29999,0.006172,0.005756,0.007256
20110926,403.17001,-0.002795,0.021585,0.00989
20110927,399.26001,-0.009698,0.012843,0.015741
20110928,397.01001,-0.005635,-0.023685,-0.025358
20110929,390.57001,-0.016221,0.00822,0.006639
20110930,381.32001,-0.023683,-0.024625,-0.018836
20111003,374.60001,-0.017623,-0.031917,-0.041273
20111004,372.5,-0.005606,0.023613,0.027309
20111005,378.25,0.015436,0.019649,0.017119
20111006,377.37,-0.002327,0.020555,0.020344
20111007,369.79999,-0.02006,-0.010922,-0.013551
20111010,388.81,0.051406,0.034255,0.029485
20111011,400.29001,0.029526,0.001063,0.005101
20111012,402.19,0.004747,0.011795,0.015322
20111013,408.42999,0.015515,-0.002944,-0.000734
20111014,422,0.033225,0.017728,0.014655
20111017,419.98999,-0.004763,-0.020839,-0.020291
20111018,422.23999,0.005357,0.020777,0.018461
20111019,398.62,-0.05594,-0.014156,-0.012744
20111020,395.31,-0.008304,0.003883,0.000394
20111021,392.87,-0.006172,0.019253,0.016331
20111024,405.76999,0.032835,0.016757,0.021869
20111025,397.76999,-0.019716,-0.019814,-0.017915
20111026,400.60001,0.007115,0.011502,0.013134
20111027,404.69,0.01021,0.036207,0.036277
20111028,404.95001,0.000642,0.000257,0.000381
20111031,404.78,-0.00042,-0.024635,-0.019053
20111101,396.51001,-0.020431,-0.028595,-0.025533
20111102,397.41,0.00227,0.017068,0.017888
20111103,403.07001,0.014242,0.019189,0.015892
20111104,400.23999,-0.007021,-0.005559,-0.004275
20111107,399.73001,-0.001274,0.004912,0.000138
20111108,406.23001,0.016261,0.011208,0.010416
20111109,395.28,-0.026955,-0.037839,-0.033587
20111110,385.22,-0.02545,0.00742,0.004584
20111111,384.62,-0.001558,0.019766,0.016413
20111114,379.26001,-0.013936,-0.009368,-0.011208
20111115,388.82999,0.025233,0.004529,0.005085
20111116,384.76999,-0.010442,-0.015088,-0.010399
20111117,377.41,-0.019128,-0.017202,-0.013523
20111118,374.94,-0.006545,-0.000294,0.00096
20111121,369.01001,-0.015816,-0.018646,-0.019135
20111122,376.51001,0.020325,-0.003934,-0.004842
20111123,366.98999,-0.025285,-0.023237,-0.02258
20111125,363.57001,-0.009319,-0.003631,-0.00491
20111128,376.12,0.034519,0.030509,0.027928
20111129,373.20001,-0.007763,0.002265,-0.002146
20111130,382.20001,0.024116,0.043874,0.038155
20111201,387.92999,0.014992,-0.002276,-0.003635
20111202,389.70001,0.004563,0.000098,0.004885
20111205,393.01001,0.008494,0.010293,0.009664
20111206,390.95001,-0.005242,0.000387,-0.000491
20111207,389.09,-0.004758,0.001911,0.000724
20111208,390.66,0.004035,-0.022862,-0.022706
20111209,393.62,0.007577,0.017731,0.018907
20111212,391.84,-0.004522,-0.015541,-0.013563
20111213,388.81,-0.007733,-0.011233,-0.012526
20111214,380.19,-0.02217,-0.012734,-0.009141
20111215,378.94,-0.003288,0.003745,0.002503
20111216,381.01999,0.005489,0.004961,0.003603
20111219,382.20999,0.003123,-0.012648,-0.014677
20111220,395.95001,0.035949,0.030026,0.026932
20111221,396.44501,0.00125,0.002018,0.00141
20111222,398.54999,0.00531,0.008911,0.008202
20111223,403.32999,0.011993,0.00786,0.004194
20111227,406.53,0.007934,0.000018,-0.000984
20111228,402.64001,-0.009569,-0.013637,-0.013522
20111229,405.12,0.006159,0.010772,0.008718
20111230,405,-0.000296,-0.002582,0.002144
20120103,411.23001,0.015383,0.016152,0.017012
20120104,413.44,0.005374,-0.000447,-0.00138
20120105,418.03,0.011102,0.002928,0.004055
20120106,422.39999,0.010454,-0.002907,-0.000598
20120109,421.73001,-0.001586,0.002814,0.004418
20120110,423.23999,0.00358,0.01042,0.01111
20120111,422.54999,-0.00163,0.000951,0.004571
20120112,421.39001,-0.002745,0.003046,0.005077
20120113,419.81,-0.00375,-0.005312,-0.005005
20120117,424.70001,0.011648,0.003904,0.003767
20120118,429.10999,0.010384,0.012297,0.013701
20120119,427.75,-0.003169,0.00558,0.005448
20120120,420.29999,-0.017417,0.000881,0.003698
20120123,427.409,0.016914,0.001606,0.001857
20120124,420.41,-0.016375,-0.000804,0.003348
20120125,446.66,0.062439,0.009956,0.009547
20120126,444.63,-0.004545,-0.004906,-0.001075
20120127,447.28,0.00596,0.000698,0.00615
20120130,453.01001,0.012811,-0.003724,-0.004826
20120131,456.48001,0.00766,-0.000076,0.001781
20120201,456.19,-0.000635,0.011173,0.01373
20120202,455.12,-0.002346,0.001838,0.004402
20120203,459.67999,0.010019,0.014664,0.014936
20120206,463.97,0.009333,-0.000988,-0.000431
20120207,468.82999,0.010475,0.001391,0.001486
20120208,476.67999,0.016744,0.002189,0.00348
20120209,493.17001,0.034593,0.001002,0.000374
20120210,493.42001,0.000507,-0.008383,-0.009773
20120213,502.60001,0.018605,0.007439,0.009485
20120214,509.45999,0.013649,-0.001546,-0.004058
20120215,497.67001,-0.023142,-0.004224,-0.003162
20120216,502.20999,0.009122,0.012461,0.011497
20120217,502.12,-0.000179,0.001387,0.002727
20120221,514.84998,0.025352,0.000152,-0.002241
20120222,513.03998,-0.003516,-0.003127,-0.00419
20120223,516.39001,0.00653,0.005699,0.008054
20120224,522.40997,0.011658,0.001495,0.000411
20120227,525.76001,0.006413,0.000818,-0.000761
20120228,535.40997,0.018354,0.00291,0.000562
20120229,542.44,0.01313,-0.005676,-0.009158
20120301,544.46997,0.003742,0.006806,0.00467
20120302,545.17999,0.001304,-0.004921,-0.008031
20120305,533.15997,-0.022048,-0.004551,-0.003539
20120306,530.26001,-0.005439,-0.017379,-0.017306
20120307,530.69,0.000811,0.007942,0.009483
20120308,541.98999,0.021293,0.010859,0.010692
20120309,545.16998,0.005867,0.004495,0.007768
20120312,552,0.012528,-0.001367,-0.001611
20120313,568.09998,0.029167,0.017606,0.01448
20120314,589.58002,0.03781,-0.003915,-0.006757
20120315,585.56,-0.006818,0.006515,0.004869
20120316,585.57001,0.000017,0.001337,0.001369
20120319,601.09998,0.026521,0.003999,0.004746
20120320,605.96002,0.008085,-0.004507,-0.005338
20120321,602.5,-0.00571,-0.001121,0.001131
20120322,599.34003,-0.005245,-0.008106,-0.008249
20120323,596.04999,-0.005489,0.004475,0.00716
20120326,606.97998,0.018337,0.013963,0.011392
20120327,614.47998,0.012356,-0.003657,-0.00286
20120328,617.62,0.00511,-0.005516,-0.005416
20120329,609.85999,-0.012564,-0.001898,-0.001653
20120330,599.54999,-0.016906,0.003351,0.002024
20120402,618.63,0.031824,0.008052,0.007351
20120403,629.32001,0.01728,-0.004442,-0.006565
20120404,624.31,-0.007961,-0.011808,-0.011965
20120405,633.67999,0.015009,-0.000796,-0.000687
20120409,636.22998,0.004024,-0.011361,-0.011932
20120410,628.44,-0.012244,-0.01801,-0.016253
20120411,626.20001,-0.003564,0.008515,0.011544
20120412,622.77002,-0.005477,0.015078,0.013034
20120413,605.22998,-0.028165,-0.012386,-0.010668
20120416,580.13,-0.041472,-0.000586,-0.000035
20120417,609.70001,0.050971,0.014946,0.010763
20120418,608.34003,-0.002231,-0.004029,-0.006151
20120419,587.44,-0.034356,-0.004659,-0.002353
20120420,572.97998,-0.024615,0.001629,0.003792
20120423,571.70001,-0.002234,-0.009527,-0.009771
20120424,560.28003,-0.019975,0.00325,0.005771
20120425,610,0.088741,0.013822,0.010281
20120426,607.70001,-0.00377,0.006806,0.005776
20120427,603,-0.007734,0.003897,0.005274
20120430,583.97998,-0.031542,-0.004314,-0.004072
20120501,582.13,-0.003168,0.00487,0.001691
20120502,585.97998,0.006614,-0.002036,-0.000501
20120503,581.82001,-0.007099,-0.009943,-0.010855
20120504,565.25,-0.02848,-0.015666,-0.012679
20120507,569.47998,0.007483,0.000556,0.001085
20120508,568.17999,-0.002283,-0.005348,-0.004437
20120509,569.17999,0.00176,-0.006016,-0.004077
20120510,570.52002,0.002354,0.00287,0.002588
20120511,566.71002,-0.006678,-0.002779,-0.003641
20120514,558.21997,-0.014981,-0.01216,-0.012421
20120515,553.16998,-0.009047,-0.006029,-0.006528
20120516,546.07501,-0.012826,-0.004927,-0.007807
20120517,530.12,-0.029218,-0.015843,-0.015911
20120518,530.38,0.00049,-0.00814,-0.009673
20120521,561.28003,0.05826,0.017751,0.016319
20120522,556.96997,-0.007679,-0.00047,-0.004011
20120523,570.56,0.0244,0.002796,0.002394
20120524,565.32001,-0.009184,0.001002,0.001696
20120525,562.28998,-0.00536,-0.001539,0.00121
20120529,572.27002,0.017749,0.011224,0.009963
20120530,579.16998,0.012057,-0.015482,-0.014326
20120531,577.72998,-0.002486,-0.001964,-0.000487
20120601,560.98999,-0.028975,-0.024506,-0.020451
20120604,564.28998,0.005882,-0.001002,-0.002267
20120605,562.83002,-0.002587,0.007851,0.008065
20120606,571.46002,0.015333,0.022686,0.019661
20120607,571.71997,0.000455,-0.001373,-0.002025
20120608,580.32001,0.015042,0.007125,0.005409
20120611,571.16998,-0.015767,-0.01395,-0.013468
20120612,576.15997,0.008736,0.011662,0.008888
20120613,572.15997,-0.006943,-0.006935,-0.007142
20120614,571.53003,-0.001101,0.009494,0.007904
20120615,574.13,0.004549,0.010109,0.008727
20120618,585.78003,0.020292,0.002201,0.001768
20120619,587.40997,0.002783,0.011614,0.01289
20120620,585.74103,-0.002841,-0.001473,-0.000497
20120621,577.66998,-0.013779,-0.023448,-0.018456
20120622,582.09998,0.007669,0.007247,0.007577
20120625,570.76501,-0.019473,-0.015425,-0.011917
20120626,572.02502,0.002208,0.004859,0.002915
20120627,574.5,0.004327,0.009026,0.00962
20120628,569.04999,-0.009487,-0.002125,-0.002531
20120629,584,0.026272,0.02561,0.023311
20120702,592.52002,0.014589,0.003868,0.006684
20120703,599.40997,0.011628,0.00894,0.010767
20120705,609.94,0.017567,-0.004123,-0.000733
20120706,605.88,-0.006656,-0.009956,-0.007701
20120709,613.89001,0.01322,-0.002193,-0.002344
20120710,608.21002,-0.009252,-0.008807,-0.00824
20120711,604.42999,-0.006215,-0.000302,-0.000282
20120712,598.90002,-0.009149,-0.00488,-0.004134
20120713,604.96997,0.010135,0.015253,0.010665
20120716,606.90997,0.003207,-0.002466,-0.003494
20120717,606.94,0.000049,0.006708,0.002457
20120718,606.26001,-0.00112,0.006246,0.003871
20120719,614.32001,0.013295,0.002819,0.000016
20120720,604.29999,-0.016311,-0.009908,-0.008733
20120723,603.83002,-0.000778,-0.01014,-0.012004
20120724,600.91998,-0.004819,-0.00941,-0.00927
20120725,574.96997,-0.043184,0.000714,0.002465
20120726,574.88,-0.000156,0.015498,0.008642
20120727,585.15997,0.017882,0.018906,0.01647
20120730,595.03003,0.016867,-0.000796,-0.002846
20120731,610.76001,0.026436,-0.004969,-0.003201
20120801,606.81,-0.006467,-0.004475,-0.009081
20120802,607.78998,0.001615,-0.007291,-0.005662
20120803,615.70001,0.013014,0.019217,0.017764
20120806,622.54999,0.011126,0.003528,0.006633
20120807,620.914,-0.002628,0.006347,0.006234
20120808,619.85999,-0.001698,0.000185,-0.000985
20120809,620.72998,0.005679,0.001632,0.00339
20120810,621.70001,0.001563,0.001878,-0.000714
20120813,630,0.01335,-0.001901,-0.002122
20120814,631.69,0.002683,-0.00001,-0.002248
20120815,630.83002,-0.001361,0.002742,0.004557
20120816,636.34003,0.008735,0.007898,0.008086
20120817,648.10999,0.018496,0.002642,0.004758
20120820,665.15002,0.026292,-0.000604,-0.001571
20120821,656.06201,-0.013663,-0.002326,-0.000635
20120822,668.87,0.019523,-0.000101,-0.001769
20120823,662.63,-0.009329,-0.007328,-0.004534
20120824,663.22198,0.000893,0.005503,0.003249
20120827,675.67999,0.018784,-0.000554,-0.000562
20120828,674.79999,-0.001302,0.00025,0.002383
20120829,673.466,-0.001977,0.001006,0.001836
20120830,663.86798,-0.014252,-0.007791,-0.007581
20120831,665.23999,0.002067,0.005875,0.005303
20120904,674.96997,0.014626,0.000683,0.003257
20120905,670.22998,-0.007023,-0.000603,-0.000701
20120906,676.27002,0.009012,0.019457,0.01369
20120907,680.44,0.006166,0.005651,0.0065
20120910,662.73999,-0.026013,-0.005681,-0.001847
20120911,660.59003,-0.003244,0.003425,0.004919
20120912,669.78998,0.013927,0.002643,0.003966
20120913,682.97998,0.019693,0.015281,0.011218
20120914,691.28003,0.012153,0.006141,0.008189
20120917,699.78101,0.012297,-0.004545,-0.004125
20120918,701.90997,0.003042,-0.001779,-0.000302
20120919,702.09998,0.000271,0.001315,0.001816
20120920,698.70001,-0.004843,-0.001935,-0.003646
20120921,700.09497,0.001997,0.000447,0.004987
20120924,690.78998,-0.013291,-0.003072,-0.003206
20120925,673.53998,-0.024971,-0.010796,-0.009643
20120926,665.17999,-0.012412,-0.005508,-0.00487
20120927,681.32001,0.024264,0.010038,0.009004
20120928,667.10498,-0.020864,-0.004497,-0.00345
20121001,659.39001,-0.011565,0.002808,0.002686
20121002,661.31,0.002912,0.001179,0.000358
20121003,671.45001,0.015333,0.00252,-0.000075
20121004,666.79999,-0.006925,0.007665,0.006553
20121005,652.59003,-0.021311,-0.000143,-0.000816
20121008,638.16998,-0.022097,-0.003573,-0.003513
20121009,635.84998,-0.003635,-0.009778,-0.009101
20121010,640.90997,0.007958,-0.005549,-0.0041
20121011,628.09998,-0.019987,0.001748,0.004541
20121012,629.71399,0.00257,-0.003495,-0.004211
20121015,634.76001,0.008013,0.007239,0.004203
20121016,649.79248,0.023682,0.009928,0.007051
20121017,644.61359,-0.00797,0.005077,0.005617
20121018,632.64001,-0.018575,-0.002691,-0.003857
20121019,609.84003,-0.036039,-0.015631,-0.013002
20121022,634.03003,0.039666,0.000195,-0.000217
20121023,613.35541,-0.032608,-0.012915,-0.006968
20121024,616.83002,0.005665,-0.00262,-0.001404
20121025,609.53802,-0.011822,0.003296,0.002153
20121026,604,-0.009086,-0.001378,-0.001835
20121031,595.32001,-0.014371,0.002488,0.003479
20121101,596.53992,0.002049,0.011187,0.009688
20121102,576.79999,-0.033091,-0.009744,-0.008756
20121105,584.62109,0.013559,0.002247,0.003177
20121106,582.84949,-0.00303,0.007866,0.006034
20121107,558.00189,-0.038085,-0.021056,-0.017904
20121108,537.75,-0.036294,-0.011559,-0.009589
20121109,547.06,0.017313,0.000938,-0.000526
20121112,542.83002,-0.007732,-0.00022,-0.001908
20121113,542.89801,0.000125,-0.004151,-0.005841
20121114,536.88,-0.011085,-0.014686,-0.015597
20121115,525.62,-0.020973,-0.002941,-0.006183
20121116,527.67798,0.003915,0.00619,0.005711
20121119,565.72998,0.072112,0.019175,0.016544
20121120,560.91339,-0.008514,0.00099,0.000886
20121121,561.70001,0.001402,0.003116,0.004899
20121123,571.5,0.017447,0.012714,0.010102
20121126,589.53003,0.031549,-0.001648,0.001177
20121127,584.78003,-0.008057,-0.004425,-0.000884
20121128,582.94,-0.003147,0.007487,0.00511
20121129,589.35999,0.011013,0.005424,0.008573
20121130,585.28003,-0.006923,0.000261,0.000934
20121203,586.19,0.001555,-0.004218,-0.002069
20121204,575.8454,-0.017647,-0.001278,-0.001109
20121205,538.7923,-0.064346,0.001759,-0.000019
20121206,547.24451,0.015687,0.00284,0.000757
20121207,533.25,-0.025573,0.002525,0.001168
20121210,529.82092,-0.006431,0.001533,0.002706
20121211,541.388,0.021832,0.00615,0.007321
20121212,539,-0.004411,0.000254,-0.000299
20121213,529.69,-0.017273,-0.00587,-0.00408
20121214,509.79401,-0.037562,-0.003101,0.000863
20121217,518.83002,0.017725,0.010177,0.006517
20121218,533.90002,0.029046,0.011104,0.009526
20121219,526.31,-0.014216,-0.004642,0.000914
20121220,521.73022,-0.008702,0.004884,0.004202
20121221,519.33002,-0.0046,-0.008488,-0.00563
20121224,520.16803,0.001614,-0.002205,-0.002533
20121226,512.99951,-0.013781,-0.004958,-0.003259
20121227,515.06,0.004017,-0.000675,-0.001788
20121228,509.5892,-0.010622,-0.009273,-0.004132
20121231,532.17291,0.044317,0.016422,0.014969
20130102,549.03003,0.031676,0.024985,0.024129
20130103,542.09589,-0.01263,-0.001907,0.000471
20130104,527,-0.027847,0.005625,0.007408
20130107,523.90002,-0.005882,-0.002554,-0.000448
20130108,525.31,0.002691,-0.002217,-0.000524
20130109,517.09998,-0.015629,0.003403,0.005273
20130110,523.51001,0.012396,0.006801,0.003862
20130111,520.29999,-0.006132,0.000246,0.000797
20130114,501.75,-0.035652,-0.000348,0.00045
20130115,485.92001,-0.03155,0.001962,0.001921
20130116,506.09,0.041509,-0.000731,-0.001481
20130117,502.67999,-0.006738,0.005922,0.006769
20130118,500,-0.005331,0.002936,0.002363
20130122,504.76999,0.00954,0.005185,0.00615
20130123,514.005,0.018295,0.000285,-0.000764
20130124,450.5,-0.123549,0.000646,0.001533
20130125,439.88,-0.023574,0.005241,0.002828
20130128,449.82999,0.02262,-0.001319,0.000423
20130129,458.26999,0.018763,0.003618,0.002765
20130130,456.82999,-0.003142,-0.003872,-0.004865
20130131,455.48999,-0.002933,-0.000787,0.002893
20130201,453.62,-0.004105,0.009281,0.008245
20130204,442.31601,-0.02492,-0.011034,-0.009364
20130205,457.84399,0.035106,0.009255,0.007102
20130206,457.35001,-0.001079,0.001308,0.002338
20130207,468.22,0.029562,-0.002112,-0.002393
20130208,474.98001,0.014438,0.00539,0.003945
20130211,479.92999,0.010421,-0.001002,-0.000183
20130212,467.89999,-0.025066,0.002184,0.003532
20130213,467.01001,-0.001902,0.001388,0.001443
20130214,466.59,-0.000899,0.000848,0.001613
20130215,460.16,-0.013781,-0.002003,-0.001715
20130219,459.98999,-0.000369,0.006939,0.006199
20130220,448.85001,-0.024218,-0.013312,-0.013073
20130221,446.06,-0.006216,-0.007033,-0.007335
20130222,450.81,0.010649,0.008677,0.007518
20130225,442.79999,-0.017768,-0.01714,-0.014094
20130226,448.97,0.013934,0.005658,0.003625
20130227,444.57001,-0.0098,0.012264,0.00746
20130228,441.39999,-0.007131,-0.000638,-0.00009
20130301,430.47,-0.024762,0.001766,0.001691
20130304,420.04999,-0.024206,0.003658,0.001139
20130305,431.14401,0.026411,0.009193,0.00727
20130306,425.66199,-0.012715,0.001655,0.00295
20130307,430.582,0.011558,0.002327,0.004182
20130308,431.72,0.002643,0.004893,0.006155
20130311,437.87,0.014245,0.002695,0.002128
20130312,428.42999,-0.021559,0.022167,0.01523416
20130313,428.35001,-0.000187,-0.022798,0.000007
20130314,432.5,0.009688,0.005947,0.004858
20130315,443.66,0.025803,-0.001507,-0.000636
20130318,455.72,0.027183,-0.005331,-0.002813
20130319,454.48999,-0.002699,-0.0029,-0.003544
20130320,452.07999,-0.005303,0.007235,0.006508
20130321,452.73001,0.001438,-0.007561,-0.00443
20130322,461.91,0.020277,0.005843,0.003328
20130325,463.57999,0.003615,-0.003076,-0.001587
20130326,461.13599,-0.005272,0.007289,0.003325
20130327,452.07999,-0.019638,-0.000121,0.000679
20130328,442.66,-0.020837,0.004036,0.002917
