Make/Model,MPG_City,MPG_Hwy,Weight(lb),Seating,Horsepower,HP/Pound,Displacement,Cylinders,Origin,Transmission,EPA_Class,Length,Fuel,HEV,Turbocharger,Make,Model,GP1000M_City,GP1000M_Hwy
Acura_RL,16,24,4014,5,290,0.07224714,3.5,6,3,AS,midsize,193.6,gas,no,no,Acura,RL,62.5,41.6666667
Acura_TL,17,26,3674,5,286,0.07784431,3.5,6,3,AS,midsize,189.3,gas,no,no,Acura,TL,58.8235294,38.4615385
Acura_TL,18,27,3559,5,286,0.08035965,3.5,6,3,M,midsize,189.3,gas,no,no,Acura,TL,55.5555556,37.037037
Acura_TSX,20,28,3345,5,205,0.0612855,2.4,4,3,AS,compact,186.2,gas,no,no,Acura,TSX,50,35.7142857
Acura_TSX,19,28,3257,5,205,0.06294136,2.4,4,3,M,compact,186.2,gas,no,no,Acura,TSX,52.6315789,35.7142857
Acura_MDX,15,20,4588,7,300,0.06538797,3.7,6,3,AS,suv4,190.7,gas,no,no,Acura,MDX,66.6666667,50
Acura_RDX,17,22,3935,5,240,0.06099111,2.3,4,3,AS,suv4,180.7,gas,no,yes,Acura,RDX,58.8235294,45.4545455
Aston_Martin_V8_Vantage,12,19,3770,2,420,0.11140584,4.3,8,2,M,2-seater,172.5,gas,no,no,Aston_Martin,V8_Vantage,83.3333333,52.6315789
Aston_Martin_DB9_Coupe,11,18,3880,4,470,0.12113402,5.9,12,2,AS,minicompact,185.5,gas,no,no,Aston_Martin,DB9_Vantage,90.9090909,55.5555556
Aston_Martin_DB9_Coupe,10,16,3880,4,470,0.12113402,5.9,12,2,M,minicompact,185.5,gas,no,no,Aston_Martin,DB9_Vantage,100,62.5
Audi_R8,13,20,3616,2,420,0.11615044,4.2,8,2,M,2-seater,174.4,gas,no,no,Audi,R8,76.9230769,50
Audi_TT_Roadster,22,29,2965,2,200,0.06745363,2,4,2,AS,2-seater,164.5,gas,no,yes,Audi,TT_Roadster,45.4545455,34.4827586
Audi_TT_Roadster_Quattro,18,24,3218,2,250,0.077688,3.2,6,2,AS,2-seater,164.5,gas,no,no,Audi,TT_Roadster_Quattro,55.5555556,41.6666667
Audi_A4_Cabriolet,21,30,3428,4,200,0.05834306,2,4,2,AV,subcompact,180,gas,no,yes,Audi,A4_Cabriolet,47.6190476,33.3333333
Audi_A5_Quattro,18,27,3913,5,265,0.06772297,3.2,6,2,AS,subcompact,182.1,gas,no,no,Audi,A5_Quattro,55.5555556,37.037037
Audi_A5_Quattro,16,27,3737,5,265,0.0709125,3.2,6,2,M,subcompact,182.1,gas,no,no,Audi,A5_Quattro,62.5,37.037037
Audi_S5_Quattro,14,21,4067,5,354,0.08704205,4.2,8,2,AS,subcompact,182.5,gas,no,no,Audi,S5_Quattro,71.4285714,47.6190476
Audi_S5_Quattro,14,21,3891,5,354,0.09097918,4.2,8,2,M,subcompact,182.5,gas,no,no,Audi,S5_Quattro,71.4285714,47.6190476
Audi_A4_Quattro,19,27,3660,5,200,0.05464481,2,4,2,AS,compact,180.6,gas,no,yes,Audi,A4_Quattro,52.6315789,37.037037
Audi_A4_Quattro,20,28,3549,5,200,0.0563539,2,4,2,M,compact,180.6,gas,no,yes,Audi,A4_Quattro,50,35.7142857
Audi_A6,18,27,3858,5,255,0.06609642,3.1,6,2,AV,midsize,193.5,gas,no,no,Audi,A6,55.5555556,37.037037
Audi_A8,16,23,4321,5,350,0.08099977,4.2,8,2,AS,midsize,199.3,gas,no,no,Audi,A8,62.5,43.4782609
Audi_S6,14,19,4486,5,435,0.09696835,5.2,10,2,AS,midsize,193.5,gas,no,no,Audi,S6,71.4285714,52.6315789
Audi_A3,22,29,3307,5,200,0.06047777,2,4,2,AS,smallwagon,168.7,gas,no,yes,Audi,A3,45.4545455,34.4827586
Audi_A3,20,29,3263,5,200,0.06129329,2,4,2,M,smallwagon,168.7,gas,no,yes,Audi,A3,50,34.4827586
Audi_Q7,14,20,5027,6,280,0.05569922,3.6,6,2,AS,suv4,200.2,gas,no,no,Audi,Q7,71.4285714,50
Bentley_Azure,9,15,5929,5,450,0.07589813,6.7,8,2,AS,compact,212.6,gas,no,yes,Bentley,Azure,111.111111,66.6666667
Bentley_Continental_GT,10,17,5170,4,552,0.10676983,6,12,2,AS,compact,189.1,gas,no,yes,Bentley,Continental_GT,100,58.8235294
Bentley_Arnage_T,10,15,5687,4,500,0.08791982,6.7,8,2,AS,midsize,212.6,gas,no,yes,Bentley,Arnage_T,100,66.6666667
Bentley_Continental_Flying_Spur,10,17,5368,5,552,0.10283159,6,12,2,AS,midsize,208.3,gas,no,yes,Bentley,Continental_Flying_Spur,100,58.8235294
BMW_Z4,19,28,3086,2,215,0.06966948,3,6,2,AS,2-seater,161.1,gas,no,no,BMW,Z4,52.6315789,35.7142857
BMW_Z4,18,28,3020,2,215,0.07119205,3,6,2,M,2-seater,161.1,gas,no,no,BMW,Z4,55.5555556,35.7142857
BMW_135i,18,26,3384,4,300,0.08865248,3,6,2,AS,subcompact,172.2,gas,no,yes,BMW,135i,55.5555556,38.4615385
BMW_135i,17,25,3373,4,300,0.0889416,3,6,2,M,subcompact,172.2,gas,no,yes,BMW,135i,58.8235294,40
BMW_328ci,19,28,3417,4,230,0.06731051,3,6,2,AS,subcompact,181.1,gas,no,no,BMW,328ci,52.6315789,35.7142857
BMW_328ci,18,28,3351,4,230,0.06863623,3,6,2,M,subcompact,181.1,gas,no,no,BMW,328ci,55.5555556,35.7142857
BMW_650i_Coupe,15,22,3814,4,360,0.09438909,4.8,8,2,M,subcompact,190.2,gas,no,no,BMW,650i_Coupe,66.6666667,45.4545455
BMW_M3_Coupe,14,20,3704,4,414,0.11177106,4,8,2,M,subcompact,181.6,gas,no,no,BMW,M3_Coupe,71.4285714,50
BMW_M3,14,20,3726,4,414,0.11111111,4,8,2,M,compact,180.3,gas,no,no,BMW,M3,71.4285714,50
BMW_328i,19,28,3406,5,230,0.06752789,3,6,2,AS,compact,178.2,gas,no,no,BMW,328i,52.6315789,35.7142857
BMW_328i,18,28,3340,5,230,0.06886228,3,6,2,M,compact,178.2,gas,no,no,BMW,328i,55.5555556,35.7142857
BMW_535i,17,26,3703,5,300,0.08101539,3,6,2,AS,midsize,191.1,gas,no,yes,BMW,535i,58.8235294,38.4615385
BMW_535i,17,26,3660,5,300,0.08196721,3,6,2,M,midsize,191.1,gas,no,yes,BMW,535i,58.8235294,38.4615385
BMW_M5,11,17,4012,5,500,0.12462612,5,10,2,M,midsize,191.5,gas,no,no,BMW,M5,90.9090909,58.8235294
BMW_750i,15,23,4486,5,360,0.08024967,4.8,8,2,AS,large,198.4,gas,no,no,BMW,750i,66.6666667,43.4782609
BMW_328i_Sport_Wagon,18,27,3593,5,230,0.06401336,3,6,2,AS,smallwagon,178.2,gas,no,no,BMW,328i_Sport_Wagon,55.5555556,37.037037
BMW_328i_Sport_Wagon,17,27,3527,5,230,0.06521123,3,6,2,M,smallwagon,178.2,gas,no,no,BMW,328i_Sport_Wagon,58.8235294,37.037037
BMW_535xi_Sport_Wagon,16,24,4145,5,300,0.07237636,3,6,2,AS,midsizewagon,191.2,gas,no,yes,BMW,535xi_Sport_Wagon,62.5,41.6666667
BMW_535xi_Sport_Wagon,16,23,4100,5,300,0.07317073,3,6,2,M,midsizewagon,191.2,gas,no,yes,BMW,535xi_Sport_Wagon,62.5,43.4782609
BMW_X3_3.0si,17,24,4067,5,260,0.06392919,3,6,2,AS,suv4,179.9,gas,no,no,BMW,X3_3.0si,58.8235294,41.6666667
BMW_X3_3.0si,16,23,4012,5,260,0.06480558,3,6,2,M,suv4,179.9,gas,no,no,BMW,X3_3.0si,62.5,43.4782609
BMW_X5_3.0si,15,21,4982,5,260,0.05218788,3,6,2,AS,suv4,191.1,gas,no,no,BMW,X5_3.0si,66.6666667,47.6190476
BMW_X6,13,18,4894,4,300,0.06129955,4.4,8,2,AS,suv4,192,gas,no,yes,BMW,X6,76.9230769,55.5555556
Bugatti_Veyron,8,14,4154,2,1001,0.24097256,8,16,2,AS,2-seater,175.6,gas,no,yes,Bugatti,Veyron,125,71.4285714
Buick_Lacrosse_CX,17,28,3552,5,200,0.05630631,3.8,6,1,A,midsize,198.1,gas,no,no,Buick,Lacrosse_CX,58.8235294,35.7142857
Buick_Lucerne_CX,16,25,3764,5,197,0.05233794,3.8,6,1,A,large,203.2,gas,no,no,Buick,Lucerne_CX,62.5,40
Buick_Enclave_CX,16,24,4780,7,275,0.05753138,3.6,6,1,A,suv2,201.8,gas,no,no,Buick,Enclave_CX,62.5,41.6666667
Buick_Enclave_CX,16,22,4985,7,275,0.0551655,3.6,6,1,A,suv4,201.8,gas,no,no,Buick,Enclave_CX,62.5,45.4545455
Cadillac_XLR,15,24,3647,2,320,0.08774335,4.6,8,1,AS,2-seater,177.7,gas,no,no,Cadillac,XLR,66.6666667,41.6666667
Cadillac_CTS,18,26,3872,5,304,0.0785124,3.6,6,1,AS,midsize,191.6,gas,no,no,Cadillac,CTS,55.5555556,38.4615385
Cadillac_CTS,16,25,3861,5,304,0.07873608,3.6,6,1,M,midsize,191.6,gas,no,no,Cadillac,CTS,62.5,40
Cadillac_STS,15,24,3995,5,320,0.08010013,4.6,8,1,AS,midsize,196.7,gas,no,no,Cadillac,STS,66.6666667,41.6666667
Cadillac_STS_AWD,14,21,4221,5,320,0.07581142,4.6,8,1,AS,midsize,196.7,gas,no,no,Cadillac,STS,71.4285714,47.6190476
Cadillac_DTS,15,23,4009,5,275,0.06859566,4.6,8,1,A,large,207.6,gas,no,no,Cadillac,DTS,66.6666667,43.4782609
Cadillac_Escalade,12,19,5511,8,403,0.07312647,6.2,8,1,A,suv2,202.5,gas,no,no,Cadillac,Escalade,83.3333333,52.6315789
Cadillac_Escalade_AWD,12,18,5708,8,403,0.07060266,6.2,8,1,A,suv4,202.5,gas,no,no,Cadillac,Escalade_AWD,83.3333333,55.5555556
Cadillac_SRX,15,22,4164,7,255,0.06123919,3.6,6,1,AS,suv2,194.9,gas,no,no,Cadillac,SRX,66.6666667,45.4545455
Cadillac_SRX,13,20,4302,7,320,0.07438401,4.6,8,1,AS,suv2,194.9,gas,no,no,Cadillac,SRX,76.9230769,50
Cadillac_SRX_AWD,14,22,4320,7,255,0.05902778,3.6,6,1,AS,suv4,194.9,gas,no,no,Cadillac,SRX_AWD,71.4285714,45.4545455
Cadillac_SRX_AWD,13,20,4442,7,320,0.07203962,4.6,8,1,AS,suv4,194.9,gas,no,no,Cadillac,SRX_AWD,76.9230769,50
Chevrolet_Corvette,16,26,3217,2,430,0.13366491,6.2,8,1,M,2-seater,174.6,gas,no,no,Chevrolet,Corvette,62.5,38.4615385
Chevrolet_Corvette,15,24,3162,2,505,0.15970904,7,8,1,M,2-seater,175.6,gas,no,no,Chevrolet,Corvette,66.6666667,41.6666667
Chevrolet_Aveo5,23,32,2359,5,103,0.04366257,1.6,4,1,A,subcompact,152.7,gas,no,no,Chevrolet,Aveo5,43.4782609,31.25
Chevrolet_Aveo5,24,34,2343,5,103,0.04396073,1.6,4,1,M,subcompact,152.7,gas,no,no,Chevrolet,Aveo5,41.6666667,29.4117647
Chevrolet_Aveo,23,32,2542,5,103,0.04051928,1.6,4,1,A,compact,169.7,gas,no,no,Chevrolet,Aveo,43.4782609,31.25
Chevrolet_Aveo,24,34,2531,5,103,0.04069538,1.6,4,1,M,compact,169.7,gas,no,no,Chevrolet,Aveo,41.6666667,29.4117647
Chevrolet_Cobalt,24,33,3216,5,148,0.0460199,2.2,4,1,M,subcompact,180.5,gas,no,no,Chevrolet,Cobalt,41.6666667,30.3030303
Chevrolet_Malibu,22,32,3436,5,169,0.0491851,2.4,4,1,AS,midsize,191.8,gas,no,no,Chevrolet,Malibu,45.4545455,31.25
Chevrolet_Malibu,17,26,3649,5,252,0.06906002,3.6,6,1,AS,midsize,191.8,gas,no,no,Chevrolet,Malibu,58.8235294,38.4615385
Chevrolet_Malibu_Hybrid,24,32,3415,5,164,0.04802343,2.4,4,1,A,midsize,191.8,gas,yes,no,Chevrolet,Malibu_Hybrid,41.6666667,31.25
Chevrolet_Impala_FFV,18,29,3674,5,211,0.05743059,3.5,6,1,A,large,200.4,gas,no,no,Chevrolet,Impala_FFV,55.5555556,34.4827586
Chevrolet_Impala_FFV,18,28,3729,5,233,0.06248324,3.9,6,1,A,large,200.4,gas,no,no,Chevrolet,Impala_FFV,55.5555556,35.7142857
Chevrolet_Uplander_FFV,16,23,4104,7,240,0.05847953,3.9,6,1,A,minivan,191,gas,no,no,Chevrolet,Uplander_FFV,62.5,43.4782609
Chevrolet_Avalanche_1500_FFV,14,20,5605,5,320,0.05709188,5.3,8,1,A,suv2,221.3,gas,no,no,Chevrolet,Avalanche_1500_FFV,71.4285714,50
Chevrolet_Equinox,17,24,3699,5,185,0.05001352,3.4,6,1,A,suv2,188.8,gas,no,no,Chevrolet,Equinox,58.8235294,41.6666667
Chevrolet_HHR,19,28,3353,5,260,0.0775425,2,4,1,A,suv2,176.5,gas,no,yes,Chevrolet,HHR,52.6315789,35.7142857
Chevrolet_HHR,21,29,3280,5,260,0.07926829,2,4,1,M,suv2,176.5,gas,no,yes,Chevrolet,HHR,47.6190476,34.4827586
Chevrolet_Suburban_1500_FFV,14,20,5608,7,320,0.05706134,5.3,8,1,A,suv2,222.4,gas,no,no,Chevrolet,Suburban_1500_FFV,71.4285714,50
Chevrolet_Tahoe_1500,14,19,5270,7,295,0.05597723,4.8,8,1,A,suv2,202,gas,no,no,Chevrolet,Tahoe_1500,71.4285714,52.6315789
Chevrolet_Tahoe_1500_FFV,14,20,5270,7,320,0.06072106,5.3,8,1,A,suv2,202,gas,no,no,Chevrolet,Tahoe_1500_FFV,71.4285714,50
Chevrolet_Tahoe_Hybrid,21,22,5270,7,332,0.0629981,6,8,1,AV,suv2,202,gas,yes,no,Chevrolet,Tahoe_Hybrid,47.6190476,45.4545455
Chevrolet_Trailblazer,14,20,4523,5,285,0.06301128,4.2,6,1,A,suv4,191.8,gas,no,no,Chevrolet,Trailblazer,71.4285714,50
Chevrolet_Trailblazer,13,19,4523,5,300,0.06632766,5.3,8,1,A,suv4,191.8,gas,no,no,Chevrolet,Trailblazer,76.9230769,52.6315789
Chevrolet_Trailblazer,12,16,4496,5,390,0.08674377,6,8,1,A,suv2,191.8,gas,no,no,Chevrolet,Trailblazer,83.3333333,62.5
Chrysler_Crossfire_Roadster,19,25,3140,2,215,0.06847134,3.2,6,1,A,2-seater,159.8,gas,no,no,Chrysler,Crossfire_Roadster,52.6315789,40
Chrysler_Crossfire_Roadster,15,23,3061,2,215,0.07023848,3.2,6,1,M,2-seater,159.8,gas,no,no,Chrysler,Crossfire_Roadster,66.6666667,43.4782609
Chrysler_Sebring_Convertible_FFV,18,26,3847,4,186,0.04834936,2.7,6,1,A,subcompact,193.8,gas,no,no,Chrysler,Sebring_Convertible_FFV,55.5555556,38.4615385
Chrysler_Sebring_FFV,19,27,3324,5,189,0.05685921,2.7,6,1,A,midsize,190.6,gas,no,no,Chrysler,Sebring_FFV,52.6315789,37.037037
Chrysler_300_SRT-8,18,26,3725,5,178,0.04778523,2.7,6,1,A,large,196.8,gas,no,no,Chrysler,300_SRT-8,55.5555556,38.4615385
Chrysler_300_SRT-8,17,24,3762,5,250,0.06645401,3.5,6,1,A,large,196.8,gas,no,no,Chrysler,300_SRT-8,58.8235294,41.6666667
Chrysler_300_SRT-8,15,23,4096,5,340,0.08300781,5.7,8,1,A,large,196.8,gas,no,no,Chrysler,300_SRT-8,66.6666667,43.4782609
Chrysler_Town_and_Country_FFV,17,24,4335,7,175,0.04036909,3.3,6,1,A,minivan,202.5,gas,no,no,Chrysler,Town_and_Country_FFV,58.8235294,41.6666667
Chrysler_Aspen_FFV,14,19,4866,7,302,0.0620633,4.7,8,1,A,suv2,202.1,gas,no,no,Chrysler,Aspen_FFV,71.4285714,52.6315789
Chrysler_Pacifica,15,22,4355,5,200,0.04592423,3.8,6,1,A,suv2,198.5,gas,no,no,Chrysler,Pacifica,66.6666667,45.4545455
Chrysler_PT_Cruiser,19,24,3152,5,150,0.04758883,2.4,4,1,A,suv2,168.9,gas,no,no,Chrysler,PT_Cruiser,52.6315789,41.6666667
Chrysler_PT_Cruiser,21,26,3076,5,150,0.04876463,2.4,4,1,M,suv2,168.9,gas,no,no,Chrysler,PT_Cruiser,47.6190476,38.4615385
Chrysler_Aspen,13,18,5043,7,335,0.06642871,5.7,8,1,A,suv4,202.1,gas,no,no,Chrysler,Aspen,76.9230769,55.5555556
Dodge_Viper_Coupe,13,22,3445,2,600,0.17416546,8.4,10,1,M,2-seater,175.7,gas,no,no,Dodge,Viper_Coupe,76.9230769,45.4545455
Dodge_Avenger_SXT_FFV,19,27,3465,5,189,0.05454545,2.7,6,1,A,midsize,190.9,gas,no,no,Dodge,Avenger_SXT_FFV,52.6315789,37.037037
Dodge_Caliber,24,29,2966,5,148,0.04989885,1.8,4,1,M,midsize,173.8,gas,no,no,Dodge,Caliber,41.6666667,34.4827586
Dodge_Caliber,21,25,3308,5,173,0.05229746,2.4,4,1,AV,midsize,173.8,gas,no,no,Dodge,Caliber,47.6190476,40
Dodge_Challenger,13,18,4140,5,425,0.102657,6.1,8,1,A,midsize,197.7,gas,no,no,Dodge,Challenger,76.9230769,55.5555556
Dodge_Charger,18,26,3727,5,186,0.04990609,2.7,6,1,A,large,200.1,gas,no,no,Dodge,Charger,55.5555556,38.4615385
Dodge_Charger,17,24,3800,5,250,0.06578947,3.5,6,1,A,large,200.1,gas,no,no,Dodge,Charger,58.8235294,41.6666667
Dodge_Charger,15,23,4031,5,335,0.08310593,5.7,8,1,A,large,200.1,gas,no,no,Dodge,Charger,66.6666667,43.4782609
Dodge_Charger,13,18,4160,5,425,0.10216346,6.1,8,1,A,large,200.1,gas,no,no,Dodge,Charger,76.9230769,55.5555556
Dodge_Caravan,16,23,4483,7,251,0.05598929,4,6,1,A,minivan,202.5,gas,no,no,Dodge,Caravan,62.5,43.4782609
Dodge_Caravan_FFV,17,24,4321,7,175,0.04049988,3.3,6,1,A,minivan,202.5,gas,no,no,Dodge,Caravan_FFV,58.8235294,41.6666667
Dodge_Durango_FFV,14,19,4944,8,303,0.06128641,4.7,8,1,A,suv2,200.8,gas,no,no,Dodge,Durango_FFV,71.4285714,52.6315789
Dodge_Magnum,18,26,3842,5,178,0.04633004,2.7,6,1,A,suv2,197.7,gas,no,no,Dodge,Magnum,55.5555556,38.4615385
Dodge_Magnum,17,24,3879,5,250,0.0644496,3.5,6,1,A,suv2,197.7,gas,no,no,Dodge,Magnum,58.8235294,41.6666667
Dodge_Magnum,15,23,4159,5,340,0.08175042,5.7,8,1,A,suv2,197.7,gas,no,no,Dodge,Magnum,66.6666667,43.4782609
Dodge_Nitro,16,22,3982,5,210,0.05273732,3.7,6,1,A,suv2,178.9,gas,no,no,Dodge,Nitro,62.5,45.4545455
Dodge_Nitro,15,20,4151,5,260,0.06263551,4,6,1,A,suv4,178.9,gas,no,no,Dodge,Nitro,66.6666667,50
Ford_Mustang,15,22,3500,4,300,0.08571429,4.6,8,1,A,subcompact,187.6,gas,no,no,Ford,Mustang,66.6666667,45.4545455
Ford_Mustang,15,23,3450,4,300,0.08695652,4.6,8,1,M,subcompact,187.6,gas,no,no,Ford,Mustang,66.6666667,43.4782609
Ford_Focus,24,33,2642,5,140,0.05299016,2,4,1,A,compact,175,gas,no,no,Ford,Focus,41.6666667,30.3030303
Ford_Focus,24,35,2623,5,140,0.053374,2,4,1,M,compact,175,gas,no,no,Ford,Focus,41.6666667,28.5714286
Ford_Fusion,20,28,3158,5,160,0.05066498,2.3,4,1,A,midsize,190.2,gas,no,no,Ford,Fusion,50,35.7142857
Ford_Fusion,20,29,3101,5,160,0.05159626,2.3,4,1,M,midsize,190.2,gas,no,no,Ford,Fusion,50,34.4827586
Ford_Fusion,18,26,3280,5,221,0.06737805,3,6,1,A,midsize,190.2,gas,no,no,Ford,Fusion,55.5555556,38.4615385
Ford_Taurus,17,24,3814,5,263,0.06895648,3.5,6,1,A,large,201.8,gas,no,no,Ford,Taurus,58.8235294,41.6666667
Ford_Edge,16,24,4078,5,265,0.06498283,3.5,6,1,A,suv2,185.7,gas,no,no,Ford,Edge,62.5,41.6666667
Ford_Escape,20,26,3313,5,153,0.04618171,2.3,4,1,A,suv2,174.7,gas,no,no,Ford,Escape,50,38.4615385
Ford_Escape,22,28,3272,5,153,0.04676039,2.3,4,1,M,suv2,174.7,gas,no,no,Ford,Escape,45.4545455,35.7142857
Ford_Escape_Hybrid,34,30,3638,5,133,0.03655855,2.3,4,1,AV,suv2,174.7,gas,yes,no,Ford,Escape_Hybrid,29.4117647,33.3333333
Ford_Expedition,12,18,5578,9,300,0.05378272,5.4,8,1,A,suv2,206.5,gas,no,no,Ford,Expedition,83.3333333,55.5555556
Ford_Explorer,14,20,4460,5,210,0.0470852,4,6,1,A,suv2,193.4,gas,no,no,Ford,Explorer,71.4285714,50
Ford_Explorer,13,20,4542,5,292,0.06428886,4.6,8,1,A,suv2,193.4,gas,no,no,Ford,Explorer,76.9230769,50
Ford_Edge,15,22,4288,5,265,0.06180037,3.5,6,1,A,suv4,185.7,gas,no,no,Ford,Edge,66.6666667,45.4545455
Ford_Escape,19,24,3465,5,153,0.04415584,2.3,4,1,A,suv4,174.7,gas,no,no,Ford,Escape,52.6315789,41.6666667
Ford_Escape,17,22,3547,5,200,0.05638568,3,6,1,A,suv4,174.7,gas,no,no,Ford,Escape,58.8235294,45.4545455
Ford_Escape_Hybrid,29,27,3794,5,133,0.03505535,2.3,4,1,AV,suv4,174.7,gas,no,no,Ford,Escape_Hybrid,34.4827586,37.037037
Ford_Explorer,13,19,4632,5,210,0.04533679,4,6,1,A,suv4,193.4,gas,no,no,Ford,Explorer,76.9230769,52.6315789
Ford_Explorer,13,19,4712,5,292,0.06196944,4.6,8,1,A,suv4,193.4,gas,no,no,Ford,Explorer,76.9230769,52.6315789
GMC_Acadia,16,24,4722,7,275,0.05823803,3.6,6,1,A,suv2,200.7,gas,no,no,GMC,Acadia,62.5,41.6666667
GMC_Envoy,14,20,4404,5,285,0.0647139,4.2,6,1,A,suv2,191.6,gas,no,no,GMC,Envoy,71.4285714,50
GMC_Envoy,14,20,4612,5,300,0.0650477,5.3,8,1,A,suv2,191.6,gas,no,no,GMC,Envoy,71.4285714,50
GMC_Yukon_1500,14,19,5270,6,295,0.05597723,4.8,8,1,A,suv2,202,gas,no,no,GMC,Yukon_1500,71.4285714,52.6315789
GMC_Yukon_1500,12,19,5635,7,380,0.06743567,6.2,8,1,A,suv2,202,gas,no,no,GMC,Yukon_1500,83.3333333,52.6315789
GMC_Yukon_1500_FFV,14,20,5270,5,320,0.06072106,5.3,8,1,A,suv2,202,gas,no,no,GMC,Yukon_1500_FFV,71.4285714,50
GMC_Yukon_Hybrid,21,22,5270,7,332,0.0629981,6,8,1,AV,suv2,202,gas,yes,no,GMC,Yukon_Hybrid,47.6190476,45.4545455
GMC_Acadia,16,22,4936,7,275,0.05571313,3.6,6,1,A,suv4,200.7,gas,no,no,GMC,Acadia,62.5,45.4545455
GMC_Yukon_Denali,12,17,5635,7,380,0.06743567,6.2,8,1,A,suv4,202,gas,no,no,GMC,Yukon_Denali,83.3333333,58.8235294
GMC_Yukon_XL_1500_FFV,14,19,5771,7,310,0.05371686,5.3,8,1,A,suv4,222.4,gas,no,no,GMC,Yukon_XL_1500_FFV,71.4285714,52.6315789
GMC_Yukon_1500_Hybrid,20,20,5527,7,332,0.06006875,6,8,1,AV,suv4,202,gas,yes,no,GMC,Yukon_1500_Hybrid,50,50
Honda_S2000,18,25,2864,2,237,0.0827514,2.2,4,3,M,2-seater,162.2,gas,no,no,Honda,S2000,55.5555556,40
Honda_Civic,25,36,2690,5,140,0.05204461,1.8,4,3,A,subcompact,176.7,gas,no,no,Honda,Civic,40,27.7777778
Honda_Civic,26,34,2628,5,140,0.05327245,1.8,4,3,M,subcompact,176.7,gas,no,no,Honda,Civic,38.4615385,29.4117647
Honda_Civic,21,29,2945,5,197,0.06689304,2,4,3,M,subcompact,176.7,gas,no,no,Honda,Civic,47.6190476,34.4827586
Honda_Accord_Coupe,21,30,3283,5,190,0.0578739,2.4,4,3,A,compact,190.9,gas,no,no,Honda,Accord_Coupe,47.6190476,33.3333333
Honda_Accord_Coupe,22,31,3221,5,190,0.05898789,2.4,4,3,M,compact,190.9,gas,no,no,Honda,Accord_Coupe,45.4545455,32.2580645
Honda_Accord_Coupe,19,28,3569,5,268,0.07509106,3.5,6,3,A,compact,190.9,gas,no,no,Honda,Accord_Coupe,52.6315789,35.7142857
Honda_Accord_Coupe,17,25,3446,5,268,0.07777133,3.5,6,3,M,compact,190.9,gas,no,no,Honda,Accord_Coupe,58.8235294,40
Honda_Civic_Hybrid,40,45,2877,5,110,0.03823427,1.3,4,3,AV,compact,176.7,gas,yes,no,Honda,Civic_Hybrid,25,22.2222222
Honda_Accord,21,31,3408,5,190,0.05575117,2.4,4,3,A,large,194.1,gas,no,no,Honda,Accord,47.6190476,32.2580645
Honda_Accord,22,31,3349,5,190,0.05673335,2.4,4,3,M,large,194.1,gas,no,no,Honda,Accord,45.4545455,32.2580645
Honda_Accord,19,29,3567,5,268,0.07513317,3.5,6,3,A,large,194.1,gas,no,no,Honda,Accord,52.6315789,34.4827586
Honda_Fit,27,34,2514,5,109,0.0433572,1.5,4,3,A,smallwagon,157.4,gas,no,no,Honda,Fit,37.037037,29.4117647
Honda_Fit,28,34,2432,5,109,0.04481908,1.5,4,3,M,smallwagon,157.4,gas,no,no,Honda,Fit,35.7142857,29.4117647
Honda_Odyssey,16,23,4385,7,244,0.05564424,3.5,6,3,A,minivan,202.1,gas,no,no,Honda,Odyssey,62.5,43.4782609
Honda_CR-V,20,27,3389,5,166,0.048982,2.4,4,3,A,suv2,177.9,gas,no,no,Honda,CR-V,50,37.037037
Honda_Element,20,25,3499,4,166,0.04744213,2.4,4,3,A,suv2,169.3,gas,no,no,Honda,Element,50,40
Honda_Element,18,23,3433,4,166,0.04835421,2.4,4,3,M,suv2,169.3,gas,no,no,Honda,Element,55.5555556,43.4782609
Honda_Pilot,16,22,4310,8,250,0.05800464,3.5,6,3,A,suv2,190.9,gas,no,no,Honda,Pilot,62.5,45.4545455
Honda_CR-V,20,26,3501,5,166,0.04741502,2.4,4,3,A,suv4,177.9,gas,no,no,Honda,CR-V,50,38.4615385
Honda_Element,19,24,3645,4,166,0.04554184,2.4,4,3,A,suv4,169.3,gas,no,no,Honda,Element,52.6315789,41.6666667
Honda_Element,18,23,3567,4,166,0.04653771,2.4,4,3,M,suv4,169.3,gas,no,no,Honda,Element,55.5555556,43.4782609
Honda_Pilot,15,20,4504,8,250,0.05550622,3.5,6,3,A,suv4,190.9,gas,no,no,Honda,Pilot,66.6666667,50
Hummer_H3,13,18,4689,5,242,0.05161015,3.7,5,1,M,suv4,186.7,gas,no,no,Hummer,H3,76.9230769,55.5555556
Hummer_H3,13,16,4840,5,300,0.06198347,5.3,8,1,A,suv4,186.7,gas,no,no,Hummer,H3,76.9230769,62.5
Hyundai_Tiburon,20,27,2972,4,138,0.04643338,2,4,3,A,subcompact,173,gas,no,no,Hyundai,Tiburon,50,37.037037
Hyundai_Tiburon,20,28,2898,4,138,0.04761905,2,4,3,M,subcompact,173,gas,no,no,Hyundai,Tiburon,50,35.7142857
Hyundai_Tiburon,17,24,3010,4,172,0.05714286,2.7,6,3,A,subcompact,173,gas,no,no,Hyundai,Tiburon,58.8235294,41.6666667
Hyundai_Tiburon,17,24,2969,4,172,0.05793196,2.7,6,3,M,subcompact,173,gas,no,no,Hyundai,Tiburon,58.8235294,41.6666667
Hyundai_Accent,24,33,2403,5,110,0.04577611,1.6,4,3,A,compact,168.5,gas,no,no,Hyundai,Accent,41.6666667,30.3030303
Hyundai_Accent,27,32,2365,5,110,0.04651163,1.6,4,3,M,compact,168.5,gas,no,no,Hyundai,Accent,37.037037,31.25
Hyundai_Elantra,25,33,2747,5,138,0.05023662,2,4,3,A,midsize,177.4,gas,no,no,Hyundai,Elantra,40,30.3030303
Hyundai_Elantra,24,33,2723,5,138,0.0506794,2,4,3,M,midsize,177.4,gas,no,no,Hyundai,Elantra,41.6666667,30.3030303
Hyundai_Azera,18,26,3629,5,234,0.06448057,3.3,6,3,A,large,192.7,gas,no,no,Hyundai,Azera,55.5555556,38.4615385
Hyundai_Azera,17,26,3629,5,263,0.07247176,3.8,6,3,A,large,192.7,gas,no,no,Hyundai,Azera,58.8235294,38.4615385
Hyundai_Sonata,19,28,3458,5,234,0.06766917,3.3,6,3,A,large,188.9,gas,no,no,Hyundai,Sonata,52.6315789,35.7142857
Hyundai_Sonata,21,31,3253,5,162,0.04980018,2.4,4,3,M,large,188.9,gas,no,no,Hyundai,Sonata,47.6190476,32.2580645
Hyundai_Entourage,16,23,5898,7,250,0.04238725,3.8,6,3,A,minivan,202,gas,no,no,Hyundai,Entourage,62.5,43.4782609
Hyundai_Santa_Fe,18,24,3793,5,185,0.04877406,2.7,6,3,A,suv2,184.1,gas,no,no,Hyundai,Santa_Fe,55.5555556,41.6666667
Hyundai_Santa_Fe,17,24,3723,5,185,0.04969111,2.7,6,3,M,suv2,184.1,gas,no,no,Hyundai,Santa_Fe,58.8235294,41.6666667
Hyundai_Santa_Fe,17,24,3846,5,242,0.06292252,3.3,6,3,A,suv2,184.1,gas,no,no,Hyundai,Santa_Fe,58.8235294,41.6666667
Hyundai_Tucson,19,25,3266,5,140,0.04286589,2,4,3,A,suv2,170.3,gas,no,no,Hyundai,Tucson,52.6315789,40
Hyundai_Tucson,20,25,3240,5,140,0.04320988,2,4,3,M,suv2,170.3,gas,no,no,Hyundai,Tucson,50,40
Hyundai_Veracruz,16,23,4266,7,260,0.06094702,3.8,6,3,A,suv2,190.6,gas,no,no,Hyundai,Veracruz,62.5,43.4782609
Hyundai_Santa_Fe,17,23,3969,5,185,0.04661124,2.7,6,3,A,suv4,184.1,gas,no,no,Hyundai,Santa_Fe,58.8235294,43.4782609
Hyundai_Santa_Fe,17,24,4022,5,242,0.06016907,3.3,6,3,A,suv4,184.1,gas,no,no,Hyundai,Santa_Fe,58.8235294,41.6666667
Hyundai_Tucson,17,23,3548,5,173,0.04875986,2.7,6,3,A,suv4,170.3,gas,no,no,Hyundai,Tucson,58.8235294,43.4782609
Hyundai_Veracruz,15,22,4431,7,260,0.0586775,3.8,6,3,A,suv4,190.6,gas,no,no,Hyundai,Veracruz,66.6666667,45.4545455
Infiniti_G37_Coupe,18,24,3616,4,330,0.09126106,3.7,6,3,AS,subcompact,183.1,gas,no,no,Infiniti,G37_Coupe,55.5555556,41.6666667
Infiniti_G37_Coupe,17,26,3668,4,330,0.08996728,3.7,6,3,M,subcompact,183.1,gas,no,no,Infiniti,G37_Coupe,58.8235294,38.4615385
Infiniti_G35,17,24,3497,4,306,0.08750357,3.5,6,3,AS,midsize,187,gas,no,no,Infiniti,G35,58.8235294,41.6666667
Infiniti_G35,17,25,3532,4,306,0.08663647,3.5,6,3,M,midsize,187,gas,no,no,Infiniti,G35,58.8235294,40
Infiniti_M35,16,23,3876,5,275,0.07094943,3.5,6,3,AS,large,194.1,gas,no,no,Infiniti,M35,62.5,43.4782609
Infiniti_M45,16,21,3990,5,325,0.08145363,4.5,8,3,AS,large,194.1,gas,no,no,Infiniti,M45,62.5,47.6190476
Infiniti_EX35,17,24,3790,4,297,0.07836412,3.5,6,3,AS,smallwagon,182.3,gas,no,no,Infiniti,EX35,58.8235294,41.6666667
Infiniti_FX35,15,22,4151,5,275,0.0662491,3.5,6,3,AS,suv2,189.1,gas,no,no,Infiniti,FX35,66.6666667,45.4545455
Infiniti_QX56,12,18,5705,7,320,0.05609115,5.6,8,3,A,suv2,206.9,gas,no,no,Infiniti,QX56,83.3333333,55.5555556
Infiniti_FX35,15,20,4314,5,275,0.06374594,3.5,6,3,AS,suv4,189.1,gas,no,no,Infiniti,FX35,66.6666667,50
Infiniti_FX45,13,17,4488,5,320,0.07130125,4.5,8,3,AS,suv4,189.1,gas,no,no,Infiniti,FX45,76.9230769,58.8235294
Infiniti_QX56,12,17,6011,7,320,0.05323573,5.6,8,3,A,suv4,206.9,gas,no,no,Infiniti,QX56,83.3333333,58.8235294
Isuzu_Ascender,14,20,4417,5,285,0.06452343,4.2,6,3,A,suv2,191.6,gas,no,no,Isuzu,Ascender,71.4285714,50
Isuzu_Ascender,14,20,4594,5,285,0.06203744,4.2,6,3,A,suv4,191.6,gas,no,no,Isuzu,Ascender,71.4285714,50
Jaguar_XK,16,25,3671,4,300,0.0817216,4.2,8,2,A,minicompact,188.6,gas,no,no,Jaguar,XK,62.5,40
Jaguar_XKR,15,23,3814,4,420,0.11012061,4.2,8,2,A,minicompact,188.6,gas,no,no,Jaguar,XKR,66.6666667,43.4782609
Jaguar_X-Type,16,22,3516,5,227,0.064562,3,6,2,A,compact,183.8,gas,no,no,Jaguar,X-Type,62.5,45.4545455
Jaguar_S-Type,17,26,3760,5,235,0.0625,3,6,2,A,midsize,193.1,gas,no,no,Jaguar,S-Type,58.8235294,38.4615385
Jaguar_S-Type,16,24,3868,5,300,0.07755946,4.2,8,2,A,midsize,193.1,gas,no,no,Jaguar,S-Type,62.5,41.6666667
Jaguar_XJ8,16,25,3726,5,300,0.0805153,4.2,8,2,A,large,200.4,gas,no,no,Jaguar,XJ8,62.5,40
Jaguar_XJR,15,22,3958,5,400,0.10106114,4.2,8,2,A,large,200.4,gas,no,no,Jaguar,XJR,66.6666667,45.4545455
Jeep_Commander,14,19,4649,5,210,0.045171,3.7,6,1,A,suv2,188.5,gas,no,no,Jeep,Commander,71.4285714,52.6315789
Jeep_Commander,13,19,5055,7,330,0.0652819,5.7,8,1,A,suv2,188.5,gas,no,no,Jeep,Commander,76.9230769,52.6315789
Jeep_Commander_FFV,14,19,4936,7,305,0.06179092,4.7,8,1,A,suv2,188.5,gas,no,no,Jeep,Commander_FFV,71.4285714,52.6315789
Jeep_Compass,21,25,3153,5,172,0.05455122,2.4,4,1,AV,suv2,173.4,gas,no,no,Jeep,Compass,47.6190476,40
Jeep_Compass,23,28,3071,5,172,0.05600782,2.4,4,1,M,suv2,173.4,gas,no,no,Jeep,Compass,43.4782609,35.7142857
Jeep_Grand_Cherokee,15,20,4316,5,210,0.04865616,3.7,6,1,A,suv2,188,gas,no,no,Jeep,Grand_Cherokee,66.6666667,50
Jeep_Grand_Cherokee,13,19,4593,5,330,0.07184847,5.7,8,1,A,suv2,188,gas,no,no,Jeep,Grand_Cherokee,76.9230769,52.6315789
Jeep_Grand_Cherokee_FFV,14,19,4460,5,305,0.06838565,4.7,8,1,A,suv2,188,gas,no,no,Jeep,Grand_Cherokee_FFV,71.4285714,52.6315789
Jeep_Patriot,23,28,3108,5,173,0.05566281,2.4,4,1,M,suv2,173.6,gas,no,no,Jeep,Patriot,43.4782609,35.7142857
Jeep_Commander,14,19,4826,5,210,0.0435143,3.7,6,1,A,suv4,188.5,gas,no,no,Jeep,Commander,71.4285714,52.6315789
Jeep_Commander,13,17,5239,7,330,0.06298912,5.7,8,1,A,suv4,188.5,gas,no,no,Jeep,Commander,76.9230769,58.8235294
Jeep_Commander_FFV,13,18,5119,7,305,0.05958195,4.7,8,1,A,suv4,188.5,gas,no,no,Jeep,Commander_FFV,76.9230769,55.5555556
Jeep_Compass,21,24,3305,5,172,0.05204236,2.4,4,1,AV,suv4,173.4,gas,no,no,Jeep,Compass,47.6190476,41.6666667
Jeep_Compass,22,27,3177,5,172,0.05413912,2.4,4,1,M,suv4,173.4,gas,no,no,Jeep,Compass,45.4545455,37.037037
Jeep_Grand_Cherokee,15,19,4488,5,210,0.04679144,3.7,6,1,A,suv4,188,gas,no,no,Jeep,Grand_Cherokee,66.6666667,52.6315789
Jeep_Grand_Cherokee,13,18,4730,5,330,0.06976744,5.7,8,1,A,suv4,186.7,gas,no,no,Jeep,Grand_Cherokee,76.9230769,55.5555556
Jeep_Grand_Cherokee,11,14,4819,5,425,0.08819257,6.1,8,1,A,suv4,186.7,gas,no,no,Jeep,Grand_Cherokee,90.9090909,71.4285714
Jeep_Grand_Cherokee_FFV,14,19,4695,5,305,0.06496273,4.7,8,1,A,suv4,188,gas,no,no,Jeep,Grand_Cherokee_FFV,71.4285714,52.6315789
Jeep_Liberty,15,21,4269,5,210,0.04919185,3.7,6,1,A,suv4,176.9,gas,no,no,Jeep,Liberty,66.6666667,47.6190476
Jeep_Liberty,16,22,4198,5,210,0.05002382,3.7,6,1,M,suv4,176.9,gas,no,no,Jeep,Liberty,62.5,45.4545455
Jeep_Patriot,22,27,3251,5,173,0.0532144,2.4,4,1,M,suv4,173.6,gas,no,no,Jeep,Patriot,45.4545455,37.037037
Jeep_Wrangler,15,19,3785,4,202,0.05336856,3.8,6,1,A,suv4,162.9,gas,no,no,Jeep,Wrangler,66.6666667,52.6315789
Jeep_Wrangler,15,19,3760,4,202,0.0537234,3.8,6,1,M,suv4,162.9,gas,no,no,Jeep,Wrangler,66.6666667,52.6315789
Kia_Rio,25,35,2403,5,110,0.04577611,1.6,4,3,A,compact,166.9,gas,no,no,Kia,Rio,40,28.5714286
Kia_Rio,27,32,2365,5,110,0.04651163,1.6,4,3,M,compact,166.9,gas,no,no,Kia,Rio,37.037037,31.25
Kia_Optima,21,31,3179,5,162,0.05095942,2.4,4,3,A,midsize,186.4,gas,no,no,Kia,Optima,47.6190476,32.2580645
Kia_Optima,21,31,3142,5,162,0.05155952,2.4,4,3,M,midsize,186.4,gas,no,no,Kia,Optima,47.6190476,32.2580645
Kia_Optima,20,28,3287,5,185,0.05628232,2.7,6,3,A,midsize,186.4,gas,no,no,Kia,Optima,50,35.7142857
Kia_Spectra,24,32,2767,5,138,0.04987351,2,4,3,A,midsize,177.2,gas,no,no,Kia,Spectra,41.6666667,31.25
Kia_Spectra,23,30,2701,5,138,0.05109219,2,4,3,M,midsize,177.2,gas,no,no,Kia,Spectra,43.4782609,33.3333333
Kia_Amanti,17,24,3770,5,264,0.07002653,3.8,6,3,A,large,196.9,gas,no,no,Kia,Amanti,58.8235294,41.6666667
Kia_Rondo,19,26,3333,5,162,0.04860486,2.4,4,3,A,midsizewagon,179,gas,no,no,Kia,Rondo,52.6315789,38.4615385
Kia_Sedona,16,23,4365,6,250,0.05727377,3.8,6,3,A,minivan,189.4,gas,no,no,Kia,Sedona,62.5,43.4782609
Kia_Sorento,16,22,4068,5,242,0.05948869,3.3,6,3,A,suv2,180.7,gas,no,no,Kia,Sorento,62.5,45.4545455
Kia_Sorento,15,21,4083,5,262,0.0641685,3.8,6,3,A,suv2,180.7,gas,no,no,Kia,Sorento,66.6666667,47.6190476
Kia_Sportage,19,25,3254,5,140,0.04302397,2,4,3,A,suv2,171.3,gas,no,no,Kia,Sportage,52.6315789,40
Kia_Sportage,20,25,3230,5,140,0.04334365,2,4,3,M,suv2,171.3,gas,no,no,Kia,Sportage,50,40
Kia_Sportage,17,23,3351,5,173,0.05162638,2.7,6,3,A,suv2,171.3,gas,no,no,Kia,Sportage,58.8235294,43.4782609
Kia_Sorento,15,22,4274,5,242,0.05662143,3.3,6,3,A,suv4,180.7,gas,no,no,Kia,Sorento,66.6666667,45.4545455
Kia_Sorento,15,20,4290,5,262,0.06107226,3.8,6,3,A,suv4,180.7,gas,no,no,Kia,Sorento,66.6666667,50
Kia_Sportage,19,24,3411,5,140,0.04104368,2,4,3,M,suv4,171.3,gas,no,no,Kia,Sportage,52.6315789,41.6666667
Kia_Sportage,17,21,3527,5,173,0.04905018,2.7,6,3,A,suv4,171.3,gas,no,no,Kia,Sportage,58.8235294,47.6190476
Lamborghini_Gallardo_Coupe,11,17,2998,2,530,0.17678452,5,10,2,AS,2-seater,169.3,gas,no,no,Lamborghini,Gallardo_Coupe,90.9090909,58.8235294
Lamborghini_Gallardo_Coupe,10,17,3153,2,520,0.1649223,5,10,2,M,2-seater,169.3,gas,no,no,Lamborghini,Gallardo_Coupe,100,58.8235294
Lamborghini_Murcielago_Coupe,8,13,3671,2,632,0.17216017,6.5,12,2,M,2-seater,181.5,gas,no,no,Lamborghini,Murcielago_Coupe,125,76.9230769
Land_Rover_LR2,15,22,4255,5,230,0.05405405,3.2,6,2,AS,suv4,177.1,gas,no,no,Land_Rover,LR2,66.6666667,45.4545455
Land_Rover_LR3,12,17,5796,7,300,0.05175983,4.4,8,2,AS,suv4,190.9,gas,no,no,Land_Rover,LR3,83.3333333,58.8235294
Land_Rover_Range_Rover,12,18,5842,5,400,0.0684697,4.2,8,2,AS,suv4,195.8,gas,no,yes,Land_Rover,Range_Rover,83.3333333,55.5555556
Land_Rover_Range_Rover,12,18,5698,5,305,0.05352755,4.4,8,2,AS,suv4,195.8,gas,no,no,Land_Rover,Range_Rover,83.3333333,55.5555556
Lexus_SC430,16,23,3840,4,288,0.075,4.3,8,3,AS,minicompact,178.5,gas,no,no,Lexus,SC430,62.5,43.4782609
Lexus_IS250,21,29,3435,5,204,0.05938865,2.5,6,3,AS,subcompact,180.1,gas,no,no,Lexus,IS250,47.6190476,34.4827586
Lexus_IS250,18,26,3455,5,204,0.05904486,2.5,6,3,M,subcompact,180.1,gas,no,no,Lexus,IS250,55.5555556,38.4615385
Lexus_IS350,18,25,3527,5,306,0.08675929,3.5,6,3,AS,subcompact,180.1,gas,no,no,Lexus,IS350,55.5555556,40
Lexus_ISF,16,23,3780,4,416,0.11005291,5,8,3,AS,subcompact,183.5,gas,no,no,Lexus,ISF,62.5,43.4782609
Lexus_GS450h,22,25,4134,5,340,0.0822448,3.5,6,3,AS,compact,190,gas,yes,no,Lexus,GS450h,45.4545455,40
Lexus_ES350,19,27,3580,5,272,0.07597765,3.5,6,3,AS,midsize,191.1,gas,no,no,Lexus,ES350,52.6315789,37.037037
Lexus_GS460,17,24,3945,5,342,0.08669202,4.6,8,3,AS,midsize,190,gas,no,no,Lexus,GS460,58.8235294,41.6666667
Lexus_LS600h,20,22,5049,5,438,0.08674985,5,8,3,AS,midsize,202.8,gas,yes,no,Lexus,LS600h,50,45.4545455
Lexus_RX350,18,23,3870,5,270,0.06976744,3.5,6,3,AS,suv2,186.2,gas,no,no,Lexus,RX350,55.5555556,43.4782609
Lexus_RX400h,27,24,4190,5,268,0.06396181,3.3,6,3,AV,suv2,187.2,gas,yes,no,Lexus,RX400h,37.037037,41.6666667
Lexus_GX470,14,18,4959,8,263,0.05303489,4.7,8,3,A,suv4,188.2,gas,no,no,Lexus,GX470,71.4285714,55.5555556
Lexus_LX570,12,18,5995,8,383,0.06388657,5.7,8,3,AS,suv4,196.5,gas,no,no,Lexus,LX570,83.3333333,55.5555556
Lexus_RX350,17,22,4090,5,270,0.06601467,3.5,6,3,AS,suv4,186.2,gas,no,no,Lexus,RX350,58.8235294,45.4545455
Lexus_RX400h,26,24,4365,5,268,0.06139748,3.3,6,3,AV,suv4,187.2,gas,yes,no,Lexus,RX400h,38.4615385,41.6666667
Lincoln_MKZ,18,28,3469,5,263,0.07581436,3.5,6,1,A,midsize,190.5,gas,no,no,Lincoln,MKZ,55.5555556,35.7142857
Lincoln_Town_Car_FFV,15,23,4413,6,239,0.05415817,4.6,8,1,A,large,215.4,gas,no,no,Lincoln,Town_Car_FFV,66.6666667,43.4782609
Lincoln_MKX,16,24,4210,5,265,0.06294537,3.5,6,1,A,suv2,186.5,gas,no,no,Lincoln,MKX,62.5,41.6666667
Lincoln_Navigator,12,18,5777,7,300,0.05193007,5.4,8,1,A,suv2,208.4,gas,no,no,Lincoln,Navigator,83.3333333,55.5555556
Lincoln_MKX,15,22,4400,5,265,0.06022727,3.5,6,1,A,suv4,186.5,gas,no,no,Lincoln,MKX,66.6666667,45.4545455
Maserati_Gran_Turismo,13,19,4145,4,405,0.09770808,4.2,8,2,A,subcompact,197.7,gas,no,no,Maserati,Gran_Turismo,76.9230769,52.6315789
Maserati_Quattroporte,12,18,4387,5,400,0.09117848,4.2,8,2,A,large,198.9,gas,no,no,Maserati,Quattroporte,83.3333333,55.5555556
Maybach_57,10,16,5864,4,550,0.09379263,5.5,12,2,A,large,225.3,gas,no,yes,Maybach,57,100,62.5
Maybach_57S,10,16,6017,4,612,0.10171182,6,12,2,A,large,225.5,gas,no,yes,Maybach,57S,100,62.5
Mazda_MX-5,22,27,2441,2,166,0.06800492,2,4,3,M,2-seater,157.3,gas,no,no,Mazda,MX-5,45.4545455,37.037037
Mazda_RX-8,16,23,3083,4,232,0.07525138,1.3,2,3,AS,subcompact,174.3,gas,no,no,Mazda,RX-8,62.5,43.4782609
Mazda_RX-8,16,22,3053,4,232,0.07599083,1.3,2,3,M,subcompact,174.3,gas,no,no,Mazda,RX-8,62.5,45.4545455
Mazda_3,23,31,2811,5,148,0.0526503,2,4,3,AS,compact,177.4,gas,no,no,Mazda,3,43.4782609,32.2580645
Mazda_3,24,32,2780,5,148,0.05323741,2,4,3,M,compact,177.4,gas,no,no,Mazda,3,41.6666667,31.25
Mazda_6,18,25,3422,5,212,0.06195207,3,6,3,AS,midsize,186.8,gas,no,no,Mazda,6,55.5555556,40
Mazda_6,17,25,3364,5,212,0.06302021,3,6,3,M,midsize,186.8,gas,no,no,Mazda,6,58.8235294,40
Mazda_5,21,27,3475,6,153,0.04402878,2.3,4,3,AS,minivan,181.5,gas,no,no,Mazda,5,47.6190476,37.037037
Mazda_5,22,28,3417,6,153,0.04477612,2.3,4,3,M,minivan,181.5,gas,no,no,Mazda,5,45.4545455,35.7142857
Mazda_CX-7,17,23,3710,5,244,0.06576819,2.3,4,3,AS,suv2,184,gas,no,yes,Mazda,CX-7,58.8235294,43.4782609
Mazda_CX-9,16,22,4312,7,270,0.06261596,3.7,6,3,AS,suv2,199.8,gas,no,no,Mazda,CX-9,62.5,45.4545455
Mazda_Tribute,20,26,3300,5,153,0.04636364,2.3,4,3,A,suv2,174.9,gas,no,no,Mazda,Tribute,50,38.4615385
Mazda_Tribute,22,28,3233,5,153,0.04732447,2.3,4,3,M,suv2,174.9,gas,no,no,Mazda,Tribute,45.4545455,35.7142857
Mazda_Tribute_Hybrid,34,30,3597,5,133,0.03697526,2.3,4,3,AV,suv2,174.9,gas,yes,no,Mazda,Tribute_Hybrid,29.4117647,33.3333333
Mazda_CX-7,16,22,3929,5,244,0.06210232,2.3,4,3,AS,suv4,184,gas,no,yes,Mazda,CX-7,62.5,45.4545455
Mazda_CX-9,15,21,4528,7,270,0.05962898,3.7,6,3,AS,suv4,199.8,gas,no,no,Mazda,CX-9,66.6666667,47.6190476
Mazda_Tribute_Hybrid,29,27,3764,5,133,0.03533475,2.3,4,3,AV,suv4,174.9,gas,yes,no,Mazda,Tribute_Hybrid,34.4827586,37.037037
Mercedes-Benz_SL550,14,21,4220,2,382,0.09052133,5.5,8,2,A,2-seater,178.5,gas,no,no,Mercedes-Benz,SL550,71.4285714,47.6190476
Mercedes-Benz_SL600,11,18,4455,2,510,0.11447811,5.5,12,2,A,2-seater,178.5,gas,no,yes,Mercedes-Benz,SL600,90.9090909,55.5555556
Mercedes-Benz_SLK280,18,24,3255,2,228,0.07004608,3,6,2,A,2-seater,160.7,gas,no,no,Mercedes-Benz,SLK280,55.5555556,41.6666667
Mercedes-Benz_SLK280,17,25,3215,2,228,0.07091757,3,6,2,M,2-seater,160.7,gas,no,no,Mercedes-Benz,SLK280,58.8235294,40
Mercedes-Benz_SLK350,17,23,3295,2,268,0.08133536,3.5,6,2,A,2-seater,160.7,gas,no,no,Mercedes-Benz,SLK350,58.8235294,43.4782609
Mercedes-Benz_CLK350,17,25,3585,4,268,0.07475593,3.5,6,2,A,subcompact,183.2,gas,no,no,Mercedes-Benz,CLK350,58.8235294,40
Mercedes-Benz_CLK550,15,22,3720,4,382,0.10268817,5.5,8,2,A,subcompact,183.2,gas,no,no,Mercedes-Benz,CLK550,66.6666667,45.4545455
Mercedes-Benz_CLK63_AMG,12,19,3948,4,500,0.1266464,6.2,8,2,AS,subcompact,183.2,gas,no,no,Mercedes-Benz,CLK63_AMG,83.3333333,52.6315789
Mercedes-Benz_C300,18,26,3527,5,228,0.06464417,3,6,2,M,compact,182.3,gas,no,no,Mercedes-Benz,C300,55.5555556,38.4615385
Mercedes-Benz_C300_FFV,18,25,3560,5,228,0.06404494,3,6,2,A,compact,182.3,gas,no,no,Mercedes-Benz,C300_FFV,55.5555556,40
Mercedes-Benz_CL550,14,21,4485,4,382,0.0851728,5.5,8,2,A,compact,199.4,gas,no,no,Mercedes-Benz,CL550,71.4285714,47.6190476
Mercedes-Benz_CL600,11,17,4895,4,510,0.10418795,5.5,12,2,A,compact,199.4,gas,no,yes,Mercedes-Benz,CL600,90.9090909,58.8235294
Mercedes-Benz_E350,17,24,3740,5,268,0.07165775,3.5,6,2,A,midsize,191,gas,no,no,Mercedes-Benz,E350,58.8235294,41.6666667
Mercedes-Benz_E550,15,22,3885,5,382,0.0983269,5.5,8,2,A,midsize,191,gas,no,no,Mercedes-Benz,E550,66.6666667,45.4545455
Mercedes-Benz_S550,14,21,4465,5,382,0.08555431,5.5,8,2,A,large,205,gas,no,no,Mercedes-Benz,S550,71.4285714,47.6190476
Mercedes-Benz_S600,11,17,4960,5,510,0.10282258,5.5,12,2,A,large,205,gas,no,yes,Mercedes-Benz,S600,90.9090909,58.8235294
Mercedes-Benz_G500,12,15,5510,5,292,0.05299456,5,8,2,A,suv4,185.6,gas,no,no,Mercedes-Benz,G500,83.3333333,66.6666667
Mercedes-Benz_GL450,13,18,5280,7,335,0.06344697,4.6,8,2,A,suv4,200.6,gas,no,no,Mercedes-Benz,GL450,76.9230769,55.5555556
Mercedes-Benz_ML350,15,20,4705,5,268,0.05696068,3.5,6,2,A,suv4,188.5,gas,no,no,Mercedes-Benz,ML350,66.6666667,50
Mercedes-Benz_R350,15,19,4938,6,268,0.05427299,3.5,6,2,A,suv4,203,gas,no,no,Mercedes-Benz,R350,66.6666667,52.6315789
Mercury_Milan,20,28,3174,5,160,0.05040958,2.3,4,1,A,midsize,191.4,gas,no,no,Mercury,Milan,50,35.7142857
Mercury_Milan,20,29,3117,5,160,0.05133141,2.3,4,1,M,midsize,191.4,gas,no,no,Mercury,Milan,50,34.4827586
Mercury_Milan,18,26,3303,5,221,0.06690887,3,6,1,A,midsize,191.4,gas,no,no,Mercury,Milan,55.5555556,38.4615385
Mercury_Grand_Marquis_FFV,15,23,4135,5,224,0.0541717,4.6,8,1,A,large,211.1,gas,no,no,Mercury,Grand_Marquis_FFV,66.6666667,43.4782609
Mercury_Sable,18,28,3670,5,263,0.07166213,3.5,6,1,A,large,202.1,gas,no,no,Mercury,Sable,55.5555556,35.7142857
Mercury_Mariner,20,26,3326,5,153,0.0460012,2.3,4,1,A,suv2,175.2,gas,no,no,Mercury,Mariner,50,38.4615385
Mercury_Mariner,18,24,3383,5,200,0.05911913,3,6,1,A,suv2,175.2,gas,no,no,Mercury,Mariner,55.5555556,41.6666667
Mercury_Mariner_Hybrid,34,30,3637,5,133,0.0365686,2.3,4,1,AV,suv2,175.2,gas,yes,no,Mercury,Mariner_Hybrid,29.4117647,33.3333333
Mercury_Mountaineer,14,20,4567,7,210,0.04598205,4,6,1,A,suv2,193.5,gas,no,no,Mercury,Mountaineer,71.4285714,50
Mercury_Mountaineer,13,20,4732,7,292,0.06170752,4.6,8,1,A,suv2,193.5,gas,no,no,Mercury,Mountaineer,76.9230769,50
Mercury_Mariner,19,24,3466,5,153,0.0441431,2.3,4,1,A,suv4,175.2,gas,no,no,Mercury,Mariner,52.6315789,41.6666667
Mercury_Mariner,17,22,3526,5,200,0.0567215,3,6,1,A,suv4,175.2,gas,no,no,Mercury,Mariner,58.8235294,45.4545455
Mercury_Mariner_Hybrid,29,27,3800,5,133,0.035,2.3,4,1,AV,suv4,175.2,gas,yes,no,Mercury,Mariner_Hybrid,34.4827586,37.037037
Mercury_Mountaineer,13,19,4725,7,210,0.04444444,4,6,1,A,suv4,193.5,gas,no,no,Mercury,Mountaineer,76.9230769,52.6315789
Mini_Cooper,26,34,2634,4,118,0.04479879,1.6,4,2,AS,minicompact,145.6,gas,no,no,Mini,Cooper,38.4615385,29.4117647
Mini_Cooper,28,37,2546,4,118,0.04634721,1.6,4,2,M,minicompact,145.6,gas,no,no,Mini,Cooper,35.7142857,27.027027
Mini_Cooper_S,23,32,2723,4,172,0.06316563,1.6,4,2,AS,minicompact,146.2,gas,no,yes,Mini,Cooper_S,43.4782609,31.25
Mini_Cooper_S,26,34,2668,4,172,0.06446777,1.6,4,2,M,minicompact,146.2,gas,no,yes,Mini,Cooper_S,38.4615385,29.4117647
Mini_Clubman,26,34,2800,4,118,0.04214286,1.6,4,2,AS,subcompact,155,gas,no,no,Mini,Clubman,38.4615385,29.4117647
Mini_Clubman,28,37,2723,4,118,0.04333456,1.6,4,2,M,subcompact,155,gas,no,no,Mini,Clubman,35.7142857,27.027027
Mitsubishi_Eclipse_Spyder,19,26,3510,4,162,0.04615385,2.4,4,3,AS,minicompact,179.7,gas,no,no,Mitsubishi,Eclipse_Spyder,52.6315789,38.4615385
Mitsubishi_Eclipse_Spyder,16,24,3737,4,260,0.06957453,3.8,6,3,AS,minicompact,179.7,gas,no,no,Mitsubishi,Eclipse_Spyder,62.5,41.6666667
Mitsubishi_Eclipse_Spyder,16,25,3671,4,260,0.07082539,3.8,6,3,M,minicompact,179.7,gas,no,no,Mitsubishi,Eclipse_Spyder,62.5,40
Mitsubishi_Eclipse,20,26,3307,4,162,0.048987,2.4,4,3,AS,subcompact,179.7,gas,no,no,Mitsubishi,Eclipse,50,38.4615385
Mitsubishi_Eclipse,20,28,3274,4,162,0.04948076,2.4,4,3,M,subcompact,179.7,gas,no,no,Mitsubishi,Eclipse,50,35.7142857
Mitsubishi_Lancer,22,29,2999,5,152,0.05068356,2,4,3,AV,compact,180,gas,no,no,Mitsubishi,Lancer,45.4545455,34.4827586
Mitsubishi_Lancer,21,29,2922,5,152,0.05201916,2,4,3,M,compact,180,gas,no,no,Mitsubishi,Lancer,47.6190476,34.4827586
Mitsubishi_Galant,20,27,3428,5,160,0.04667445,2.4,4,3,AS,midsize,191,gas,no,no,Mitsubishi,Galant,50,37.037037
Mitsubishi_Galant,17,25,3748,5,258,0.06883671,3.8,6,3,AS,midsize,191,gas,no,no,Mitsubishi,Galant,58.8235294,40
Mitsubishi_Endeavor,15,22,3902,5,225,0.05766274,3.8,6,3,AS,suv2,190.8,gas,no,no,Mitsubishi,Endeavor,66.6666667,45.4545455
Mitsubishi_Outlander,20,25,3395,5,168,0.04948454,2.4,4,3,AV,suv2,182.7,gas,no,no,Mitsubishi,Outlander,50,40
Mitsubishi_Outlander,17,25,3532,5,220,0.06228766,3,6,3,AS,suv2,182.7,gas,no,no,Mitsubishi,Outlander,58.8235294,40
Mitsubishi_Endeavor,15,19,4090,5,225,0.05501222,3.8,6,3,AS,suv4,190.8,gas,no,no,Mitsubishi,Endeavor,66.6666667,52.6315789
Nissan_350Z,17,24,3578,2,306,0.08552264,3.5,6,3,AS,2-seater,169.8,gas,no,no,Nissan,350Z,58.8235294,41.6666667
Nissan_350Z,18,25,3320,2,306,0.09216867,3.5,6,3,M,2-seater,169.8,gas,no,no,Nissan,350Z,55.5555556,40
Nissan_Altima_Coupe,23,31,3095,5,175,0.05654281,2.5,4,3,AV,subcompact,182.5,gas,no,no,Nissan,Altima_Coupe,43.4782609,32.2580645
Nissan_Altima_Coupe,23,32,3052,5,175,0.05733945,2.5,4,3,M,subcompact,182.5,gas,no,no,Nissan,Altima_Coupe,43.4782609,31.25
Nissan_Altima,19,26,3358,5,270,0.080405,3.5,6,3,AV,midsize,189.8,gas,no,no,Nissan,Altima,52.6315789,38.4615385
Nissan_Altima,19,27,3292,5,270,0.08201701,3.5,6,3,M,midsize,189.8,gas,no,no,Nissan,Altima,52.6315789,37.037037
Nissan_Altima_Hybrid,35,33,3482,5,158,0.04537622,2.5,4,3,AV,midsize,189.2,gas,yes,no,Nissan,Altima_Hybrid,28.5714286,30.3030303
Nissan_Maxima,19,25,3591,5,255,0.07101086,3.5,6,3,AV,midsize,194.4,gas,no,no,Nissan,Maxima,52.6315789,40
Nissan_Sentra,25,33,2954,5,140,0.04739336,2,4,3,AV,midsize,179.8,gas,no,no,Nissan,Sentra,40,30.3030303
Nissan_Sentra,24,31,2885,5,140,0.04852686,2,4,3,M,midsize,179.8,gas,no,no,Nissan,Sentra,41.6666667,32.2580645
Nissan_Sentra,24,30,3072,5,177,0.05761719,2.5,4,3,AV,midsize,180.1,gas,no,no,Nissan,Sentra,41.6666667,33.3333333
Nissan_Sentra,21,29,3048,5,200,0.0656168,2.5,4,3,M,midsize,180.1,gas,no,no,Nissan,Sentra,47.6190476,34.4827586
Nissan_Versa,27,33,2758,5,122,0.04423495,1.8,4,3,AV,midsize,169.1,gas,no,no,Nissan,Versa,37.037037,30.3030303
Nissan_Versa,24,32,2722,5,122,0.04481999,1.8,4,3,A,midsize,169.1,gas,no,no,Nissan,Versa,41.6666667,31.25
Nissan_Versa,26,31,2693,5,122,0.04530264,1.8,4,3,M,midsize,169.1,gas,no,no,Nissan,Versa,38.4615385,32.2580645
Nissan_Quest,16,24,4293,7,235,0.05474027,3.5,6,3,A,minivan,204.1,gas,no,no,Nissan,Quest,62.5,41.6666667
Nissan_Armada_FFV,12,18,5302,8,317,0.05978876,5.6,8,3,A,suv2,207.7,gas,no,no,Nissan,Armada_FFV,83.3333333,55.5555556
Nissan_Pathfinder,15,22,4583,7,266,0.05804058,4,6,3,A,suv2,192.3,gas,no,no,Nissan,Pathfinder,66.6666667,45.4545455
Nissan_Pathfinder,13,18,4779,7,310,0.06486713,5.6,8,3,AS,suv2,192.3,gas,no,no,Nissan,Pathfinder,76.9230769,55.5555556
Nissan_Rogue,22,27,3267,5,170,0.05203551,2.5,4,3,AV,suv2,182.9,gas,no,no,Nissan,Rogue,45.4545455,37.037037
Nissan_Xterra,15,20,4165,5,261,0.06266507,4,6,3,A,suv2,178.7,gas,no,no,Nissan,Xterra,66.6666667,50
Nissan_Xterra,16,20,4150,5,261,0.06289157,4,6,3,M,suv2,178.7,gas,no,no,Nissan,Xterra,62.5,50
Nissan_Pathfinder,14,20,4801,7,266,0.05540512,4,6,3,A,suv4,192.3,gas,no,no,Nissan,Pathfinder,71.4285714,50
Nissan_Pathfinder,12,18,5020,7,310,0.06175299,5.6,8,3,AS,suv4,192.3,gas,no,no,Nissan,Pathfinder,83.3333333,55.5555556
Nissan_Rogue,21,26,3426,5,170,0.04962055,2.5,4,3,AV,suv4,182.9,gas,no,no,Nissan,Rogue,47.6190476,38.4615385
Pontiac_G5,25,35,2991,5,148,0.04948178,2.2,4,1,M,subcompact,179.8,gas,no,no,Pontiac,G5,40,28.5714286
Pontiac_G6,22,30,3305,5,164,0.04962179,2.4,4,1,A,compact,189,gas,no,no,Pontiac,G6,45.4545455,33.3333333
Pontiac_G6,17,26,3457,5,219,0.06334973,3.5,6,1,A,compact,189,gas,no,no,Pontiac,G6,58.8235294,38.4615385
Pontiac_Grand_Prix,18,28,3477,5,200,0.05752085,3.8,6,1,A,midsize,198.3,gas,no,no,Pontiac,Grand_Prix,55.5555556,35.7142857
Pontiac_Grand_Prix,16,25,3600,5,303,0.08416667,5.3,8,1,AS,midsize,198.3,gas,no,no,Pontiac,Grand_Prix,62.5,40
Pontiac_G8,17,25,3885,5,256,0.06589447,3.6,6,1,AS,large,196.1,gas,no,no,Pontiac,G8,58.8235294,40
Pontiac_G8,15,24,3985,5,361,0.09058971,6,8,1,AS,large,196.1,gas,no,no,Pontiac,G8,66.6666667,41.6666667
Pontiac_Vibe,25,31,2778,5,126,0.04535637,1.8,4,1,A,smallwagon,171.9,gas,no,no,Pontiac,Vibe,40,32.2580645
Pontiac_Vibe,26,33,2700,5,126,0.04666667,1.8,4,1,M,smallwagon,171.9,gas,no,no,Pontiac,Vibe,38.4615385,30.3030303
Pontiac_Torrent,17,24,3660,5,185,0.05054645,3.4,6,1,A,suv2,188.7,gas,no,no,Pontiac,Torrent,58.8235294,41.6666667
Pontiac_Torrent,17,24,3776,5,185,0.04899364,3.4,6,1,A,suv4,188.7,gas,no,no,Pontiac,Torrent,58.8235294,41.6666667
Porsche_911_Turbo,15,23,3572,5,480,0.1343785,3.6,6,2,A,minicompact,176.3,gas,no,yes,Porsche,911_Turbo,66.6666667,43.4782609
Porsche_911_Turbo,16,23,3494,5,480,0.13737836,3.6,6,2,M,minicompact,176.3,gas,no,yes,Porsche,911_Turbo,62.5,43.4782609
Porsche_Carrera4_Coupe,17,24,3285,5,325,0.09893455,3.6,6,2,A,minicompact,175.6,gas,no,no,Porsche,Carrera4_Coupe,58.8235294,41.6666667
Porsche_Carrera4_Coupe,17,25,3157,5,325,0.10294583,3.6,6,2,M,minicompact,175.6,gas,no,no,Porsche,Carrera4_Coupe,58.8235294,40
Porsche_Cayenne,14,20,4784,5,290,0.06061873,3.6,6,2,A,suv4,188.9,gas,no,no,Porsche,Cayenne,71.4285714,50
Porsche_Cayenne,14,20,4762,5,290,0.06089878,3.6,6,2,M,suv4,188.9,gas,no,no,Porsche,Cayenne,71.4285714,50
Porsche_Cayenne_GTS,13,18,4939,5,405,0.0820004,4.8,8,2,A,suv4,188.9,gas,no,no,Porsche,Cayenne_GTS,76.9230769,55.5555556
Porsche_Cayenne_GTS,11,17,4895,5,405,0.08273749,4.8,8,2,M,suv4,188.9,gas,no,no,Porsche,Cayenne_GTS,90.9090909,58.8235294
Rolls-Royce_Phantom,11,18,5798,5,453,0.07813039,6.7,12,2,AS,midsize,229.7,gas,no,no,Rolls-Royce,Phantom,90.9090909,55.5555556
Subaru_Impreza,20,27,3131,5,170,0.05429575,2.5,4,3,AS,compact,180.3,gas,no,no,Subaru,Impreza,50,37.037037
Subaru_Impreza,20,27,3064,5,170,0.05548303,2.5,4,3,M,compact,180.3,gas,no,no,Subaru,Impreza,50,37.037037
Subaru_Legacy,20,27,3325,5,170,0.05112782,2.5,4,3,AS,compact,185,gas,no,no,Subaru,Legacy,50,37.037037
Subaru_Legacy,20,27,3270,5,170,0.05198777,2.5,4,3,M,compact,185,gas,no,no,Subaru,Legacy,50,37.037037
Subaru_Forester,20,26,3185,5,173,0.05431711,2.5,4,3,A,suv4,176.6,gas,no,no,Subaru,Forester,50,38.4615385
Subaru_Forester,20,27,3140,5,173,0.05509554,2.5,4,3,M,suv4,176.6,gas,no,no,Subaru,Forester,50,37.037037
Subaru_Outback_Wagon,20,26,3395,5,170,0.05007364,2.5,4,3,AS,suv4,189,gas,no,no,Subaru,Outback_Wagon,50,38.4615385
Subaru_Outback_Wagon,19,26,3350,5,170,0.05074627,2.5,4,3,M,suv4,189,gas,no,no,Subaru,Outback_Wagon,52.6315789,38.4615385
Subaru_Tribeca,16,21,4190,7,256,0.06109785,3.6,6,3,AS,suv4,191.5,gas,no,no,Subaru,Tribeca,62.5,47.6190476
Subaru_Outback_Wagon,17,24,3625,5,245,0.06758621,3,6,3,AS,suv4,189,gas,no,no,Subaru,Outback_Wagon,58.8235294,41.6666667
Suzuki_Forenza,19,28,2800,5,127,0.04535714,2,4,3,A,compact,177.2,gas,no,no,Suzuki,Forenza,52.6315789,35.7142857
Suzuki_Forenza,20,28,2756,5,127,0.04608128,2,4,3,M,compact,177.2,gas,no,no,Suzuki,Forenza,50,35.7142857
Suzuki_SX4_Sedan,23,31,2745,5,143,0.05209472,2,4,3,A,compact,177.6,gas,no,no,Suzuki,SX4_Sedan,43.4782609,32.2580645
Suzuki_SX4_Sedan,22,30,2668,5,143,0.0535982,2,4,3,M,compact,177.6,gas,no,no,Suzuki,SX4_Sedan,45.4545455,33.3333333
Suzuki_Forenza_Wagon,19,27,2899,5,127,0.04380821,2,4,3,A,smallwagon,179.7,gas,no,no,Suzuki,Forenza_Wagon,52.6315789,37.037037
Suzuki_Forenza_Wagon,19,27,2855,5,127,0.04448336,2,4,3,M,smallwagon,179.7,gas,no,no,Suzuki,Forenza_Wagon,52.6315789,37.037037
Suzuki_Grand_Vitara,17,22,3505,5,185,0.05278174,2.7,6,3,A,suv2,176,gas,no,no,Suzuki,Grand_Vitara,58.8235294,45.4545455
Suzuki_Grand_Vitara,16,22,3452,5,185,0.05359212,2.7,6,3,M,suv2,176,gas,no,no,Suzuki,Grand_Vitara,62.5,45.4545455
Suzuki_XL7,16,22,3887,7,252,0.06483149,3.6,6,3,AS,suv2,197.2,gas,no,no,Suzuki,XL7,62.5,45.4545455
Suzuki_Grand_Vitara,17,21,3682,5,185,0.05024443,2.7,6,3,A,suv4,176,gas,no,no,Suzuki,Grand_Vitara,58.8235294,47.6190476
Suzuki_Grand_Vitara,16,21,3582,5,185,0.05164712,2.7,6,3,M,suv4,176,gas,no,no,Suzuki,Grand_Vitara,62.5,47.6190476
Suzuki_XL7,15,22,4049,7,252,0.06223759,3.6,6,3,AS,suv4,197.2,gas,no,no,Suzuki,XL7,66.6666667,45.4545455
Toyota_Yaris,29,35,2326,5,106,0.0455718,1.5,4,3,A,subcompact,169.3,gas,no,no,Toyota,Yaris,34.4827586,28.5714286
Toyota_Yaris,29,36,2293,5,106,0.04622765,1.5,4,3,M,subcompact,169.3,gas,no,no,Toyota,Yaris,34.4827586,27.7777778
Toyota_Camry_Solara,22,31,3240,5,155,0.04783951,2.4,4,3,AS,compact,192.5,gas,no,no,Toyota,Camry_Solara,45.4545455,32.2580645
Toyota_Camry_Solara,21,31,3240,5,155,0.04783951,2.4,4,3,M,compact,192.5,gas,no,no,Toyota,Camry_Solara,47.6190476,32.2580645
Toyota_Camry_Solara,18,27,3440,5,210,0.06104651,3.3,6,3,AS,compact,192.5,gas,no,no,Toyota,Camry_Solara,55.5555556,37.037037
Toyota_Corolla,26,35,2595,5,126,0.04855491,1.8,4,3,A,compact,178.3,gas,no,no,Toyota,Corolla,38.4615385,28.5714286
Toyota_Corolla,28,37,2530,5,126,0.04980237,1.8,4,3,M,compact,178.3,gas,no,no,Toyota,Corolla,35.7142857,27.027027
Toyota_Camry,21,31,3307,5,158,0.04777744,2.4,4,3,A,midsize,189.2,gas,no,no,Toyota,Camry,47.6190476,32.2580645
Toyota_Camry,21,31,3263,5,158,0.0484217,2.4,4,3,M,midsize,189.2,gas,no,no,Toyota,Camry,47.6190476,32.2580645
Toyota_Camry,19,28,3461,5,268,0.07743427,3.5,6,3,AS,midsize,189.2,gas,no,no,Toyota,Camry,52.6315789,35.7142857
Toyota_Camry_Hybrid,33,34,3680,5,192,0.05217391,2.4,4,3,AV,midsize,189.2,gas,yes,no,Toyota,Camry_Hybrid,30.3030303,29.4117647
Toyota_Prius,48,45,2932,5,110,0.03751705,1.5,4,3,AV,midsize,175,gas,yes,no,Toyota,Prius,20.8333333,22.2222222
Toyota_Avalon,19,28,3490,5,268,0.07679083,3.5,6,3,AS,large,197.2,gas,no,no,Toyota,Avalon,52.6315789,35.7142857
Toyota_Matrix,25,31,2756,5,126,0.04571843,1.8,4,3,A,smallwagon,171.3,gas,no,no,Toyota,Matrix,40,32.2580645
Toyota_Matrix,26,33,2679,5,126,0.04703247,1.8,4,3,M,smallwagon,171.3,gas,no,no,Toyota,Matrix,38.4615385,30.3030303
Toyota_Sienna,17,23,4266,7,266,0.06235349,3.5,6,3,A,minivan,201,gas,no,no,Toyota,Sienna,58.8235294,43.4782609
Toyota_4Runner,16,21,4045,5,236,0.05834363,4,6,3,A,suv2,189.2,gas,no,no,Toyota,4Runner,62.5,47.6190476
Toyota_4Runner,15,19,4225,5,260,0.06153846,4.7,8,3,A,suv2,189.2,gas,no,no,Toyota,4Runner,66.6666667,52.6315789
Toyota_Highlander,18,24,4045,7,270,0.06674907,3.5,6,3,AS,suv2,188.4,gas,no,no,Toyota,Highlander,55.5555556,41.6666667
Toyota_RAV4,21,27,3300,5,166,0.05030303,2.4,4,3,A,suv2,181.1,gas,no,no,Toyota,RAV4,47.6190476,37.037037
Toyota_RAV4,19,27,3527,5,269,0.07626878,3.5,6,3,A,suv2,181.1,gas,no,no,Toyota,RAV4,52.6315789,37.037037
Toyota_Sequoia,14,17,5680,8,273,0.04806338,4.7,8,3,AS,suv2,205.1,gas,no,no,Toyota,Sequoia,71.4285714,58.8235294
Toyota_Sequoia,14,19,5730,8,381,0.06649215,5.7,8,3,AS,suv2,205.1,gas,no,no,Toyota,Sequoia,71.4285714,52.6315789
Toyota_4Runner,16,20,4300,5,236,0.05488372,4,6,3,A,suv4,189.2,gas,no,no,Toyota,4Runner,62.5,50
Toyota_4Runner,14,17,4505,5,260,0.05771365,4.7,8,3,A,suv4,189.2,gas,no,no,Toyota,4Runner,71.4285714,58.8235294
Toyota_FJCruiser,16,20,4295,5,239,0.0556461,4,6,3,A,suv4,183.9,gas,no,no,Toyota,FJCruiser,62.5,50
Toyota_FJCruiser,15,18,4290,5,239,0.05571096,4,6,3,M,suv4,183.9,gas,no,no,Toyota,FJCruiser,66.6666667,55.5555556
Toyota_Highlander,17,23,4178,7,270,0.06462422,3.5,6,3,AS,suv4,188.4,gas,no,no,Toyota,Highlander,58.8235294,43.4782609
Toyota_Highlander_Hybrid,27,25,4508,7,209,0.04636202,3.3,6,3,AV,suv4,188.4,gas,yes,no,Toyota,Highlander_Hybrid,37.037037,40
Toyota_Land_Cruiser,13,18,5690,8,381,0.06695958,5.7,8,3,AS,suv4,194.9,gas,no,no,Toyota,Land_Cruiser,76.9230769,55.5555556
Toyota_RAV4,20,25,3444,5,166,0.04819977,2.4,4,3,A,suv4,181.1,gas,no,no,Toyota,RAV4,50,40
Toyota_RAV4,19,26,3655,5,269,0.07359781,3.5,6,3,A,suv4,181.1,gas,no,no,Toyota,RAV4,52.6315789,38.4615385
Toyota_Sequoia,13,16,5920,8,273,0.04611486,4.7,8,3,AS,suv4,205.1,gas,no,no,Toyota,Sequoia,76.9230769,62.5
Toyota_Sequoia,13,18,6030,8,381,0.06318408,5.7,8,3,AS,suv4,205.1,gas,no,no,Toyota,Sequoia,76.9230769,55.5555556
Volkswagen_Eos,21,30,3569,4,200,0.05603811,2,4,2,AS,subcompact,173.6,gas,no,yes,Volkswagen,Eos,47.6190476,33.3333333
Volkswagen_Eos,20,29,3505,4,200,0.05706134,2,4,2,M,subcompact,173.6,gas,no,yes,Volkswagen,Eos,50,34.4827586
Volkswagen_Eos,19,26,3686,4,250,0.0678242,3.2,6,2,AS,subcompact,173.6,gas,no,no,Volkswagen,Eos,52.6315789,38.4615385
Volkswagen_New_Beetle,20,29,2965,4,150,0.05059022,2.5,5,2,AS,subcompact,161.1,gas,no,no,Volkswagen,New_Beetle,50,34.4827586
Volkswagen_New_Beetle,20,28,2884,4,150,0.0520111,2.5,5,2,M,subcompact,161.1,gas,no,no,Volkswagen,New_Beetle,50,35.7142857
Volkswagen_GLI,22,29,3334,5,200,0.059988,2,4,2,AS,compact,179.3,gas,no,yes,Volkswagen,GLI,45.4545455,34.4827586
Volkswagen_GLI,20,29,3290,5,200,0.06079027,2,4,2,M,compact,179.3,gas,no,yes,Volkswagen,GLI,50,34.4827586
Volkswagen_Jetta,21,29,3285,5,170,0.05175038,2.5,5,2,AS,compact,179.3,gas,no,no,Volkswagen,Jetta,47.6190476,34.4827586
Volkswagen_Jetta,21,29,3230,5,170,0.05263158,2.5,5,2,M,compact,179.3,gas,no,no,Volkswagen,Jetta,47.6190476,34.4827586
Volkswagen_R32,18,23,3547,5,250,0.0704821,3.2,6,2,AS,compact,167.2,gas,no,no,Volkswagen,R32,55.5555556,43.4782609
Volkswagen_Rabbit,21,29,3138,5,170,0.05417463,2.5,5,2,AS,compact,165.8,gas,no,no,Volkswagen,Rabbit,47.6190476,34.4827586
Volkswagen_Rabbit,22,29,3072,5,170,0.05533854,2.5,5,2,M,compact,165.8,gas,no,no,Volkswagen,Rabbit,45.4545455,34.4827586
Volkswagen_Passat,19,28,3344,5,200,0.05980861,2,4,2,AS,midsize,188.2,gas,no,yes,Volkswagen,Passat,52.6315789,35.7142857
Volkswagen_Passat,20,29,3305,5,200,0.06051437,2,4,2,M,midsize,188.2,gas,no,yes,Volkswagen,Passat,50,34.4827586
Volkswagen_Passat,17,26,3576,5,280,0.07829978,3.6,6,2,AS,midsize,188.2,gas,no,no,Volkswagen,Passat,58.8235294,38.4615385
Volkswagen_Passat,20,28,3307,5,200,0.06047777,2,4,2,AS,midsizewagon,188,gas,no,yes,Volkswagen,Passat,50,35.7142857
Volkswagen_Passat,20,29,3346,5,200,0.05977286,2,4,2,M,midsizewagon,188,gas,no,yes,Volkswagen,Passat,50,34.4827586
Volkswagen_Touareg,14,20,5086,5,280,0.05505309,3.6,6,2,AS,suv4,187.2,gas,no,no,Volkswagen,Touareg,71.4285714,50
Volkswagen_Touareg,12,17,5300,5,350,0.06603774,4.2,8,2,AS,suv4,187.2,gas,no,no,Volkswagen,Touareg,83.3333333,58.8235294
Volvo_C70,18,27,3627,4,227,0.06258616,2.5,5,2,M,subcompact,180.4,gas,no,yes,Volvo,C70,55.5555556,37.037037
Volvo_C30,19,28,3201,4,227,0.07091534,2.5,5,2,M,compact,167.4,gas,no,yes,Volvo,C30,52.6315789,35.7142857
Volvo_S40,20,28,3220,5,168,0.05217391,2.4,5,2,M,compact,176.2,gas,no,no,Volvo,S40,50,35.7142857
Volvo_S60,19,27,3523,5,208,0.05904059,2.5,5,2,A,compact,181.2,gas,no,yes,Volvo,S60,52.6315789,37.037037
Volvo_S80,16,24,4016,5,281,0.06997012,3.2,6,2,AS,midsize,191,gas,no,no,Volvo,S80,62.5,41.6666667
Volvo_S80,15,23,4100,5,311,0.07585366,4.4,8,2,AS,midsize,191,gas,no,no,Volvo,S80,66.6666667,43.4782609
Volvo_V50,20,28,3321,5,168,0.05058717,2.4,5,2,AS,smallwagon,178,gas,no,no,Volvo,V50,50,35.7142857
Volvo_V70,16,24,3527,5,235,0.06662886,3.2,6,2,AS,midsizewagon,189.9,gas,no,no,Volvo,V70,62.5,41.6666667
Volvo_XC90,14,20,4356,5,235,0.05394858,3.2,6,2,AS,suv2,189.3,gas,no,no,Volvo,XC90,71.4285714,50
Volvo_XC70,15,22,4092,5,235,0.05742913,3.2,6,2,AS,suv4,190.5,gas,no,no,Volvo,XC70,66.6666667,45.4545455
Volvo_XC90,13,19,4826,7,311,0.0644426,4.4,8,2,AS,suv4,189.3,gas,no,no,Volvo,XC90,76.9230769,52.6315789
