Day,Width,Week
1.0,0.27,0.0
1.0,0.31,0.0
1.0,0.1,0.0
1.0,0.3,0.0
1.0,0.26,0.0
1.0,0.33,0.0
1.0,0.48,0.0
1.0,0.16,0.0
1.0,0.14,0.0
1.0,0.42,0.0
2.0,0.21,0.0
2.0,0.25,0.0
2.0,0.34,0.0
2.0,0.25,0.0
2.0,0.38,0.0
2.0,0.32,0.0
2.0,0.31,0.0
2.0,0.39,0.0
2.0,0.26,0.0
2.0,0.43,0.0
3.0,0.16,0.0
3.0,0.29,0.0
3.0,0.37,0.0
3.0,0.3,0.0
3.0,0.23,0.0
3.0,0.13,0.0
3.0,0.28,0.0
3.0,0.24,0.0
3.0,0.09,0.0
3.0,0.21,0.0
4.0,0.21,0.0
4.0,0.25,0.0
4.0,0.24,0.0
4.0,0.41,0.0
4.0,0.16,0.0
4.0,0.31,0.0
4.0,0.29,0.0
4.0,0.3,0.0
4.0,0.36,0.0
4.0,0.36,0.0
5.0,0.25,0.0
5.0,0.35,0.0
5.0,0.44,0.0
5.0,0.22,0.0
5.0,0.26,0.0
5.0,0.37,0.0
5.0,0.31,0.0
5.0,0.29,0.0
5.0,0.25,0.0
5.0,0.4,0.0
6.0,0.4,0.0
6.0,0.35,0.0
6.0,0.15,0.0
6.0,0.36,0.0
6.0,0.21,0.0
6.0,0.26,0.0
6.0,0.36,0.0
6.0,0.45,0.0
6.0,0.42,0.0
6.0,0.28,0.0
7.0,0.46,0.0
7.0,0.21,0.0
7.0,0.26,0.0
7.0,0.28,0.0
7.0,0.33,0.0
7.0,0.4,0.0
7.0,0.31,0.0
7.0,0.19,0.0
7.0,0.53,0.0
7.0,0.16,0.0
8.0,0.45,1.0
8.0,0.43,1.0
8.0,0.42,1.0
8.0,0.28,1.0
8.0,0.32,1.0
8.0,0.15,1.0
8.0,0.15,1.0
8.0,0.33,1.0
8.0,0.29,1.0
8.0,0.32,1.0
9.0,0.28,1.0
9.0,0.28,1.0
9.0,0.32,1.0
9.0,0.43,1.0
9.0,0.38,1.0
9.0,0.35,1.0
9.0,0.35,1.0
9.0,0.32,1.0
9.0,0.29,1.0
9.0,0.37,1.0
10.0,0.33,1.0
10.0,0.19,1.0
10.0,0.14,1.0
10.0,0.23,1.0
10.0,0.16,1.0
10.0,0.4,1.0
10.0,0.27,1.0
10.0,0.26,1.0
10.0,0.39,1.0
10.0,0.16,1.0
11.0,0.19,1.0
11.0,0.14,1.0
11.0,0.44,1.0
11.0,0.35,1.0
11.0,0.34,1.0
11.0,0.29,1.0
11.0,0.39,1.0
11.0,0.36,1.0
11.0,0.47,1.0
11.0,0.3,1.0
12.0,0.1,1.0
12.0,0.09,1.0
12.0,0.35,1.0
12.0,0.16,1.0
12.0,0.2,1.0
12.0,0.17,1.0
12.0,0.28,1.0
12.0,0.3,1.0
12.0,0.2,1.0
12.0,0.38,1.0
13.0,0.23,1.0
13.0,0.13,1.0
13.0,0.31,1.0
13.0,0.34,1.0
13.0,0.52,1.0
13.0,0.34,1.0
13.0,0.39,1.0
13.0,0.56,1.0
13.0,0.21,1.0
13.0,0.13,1.0
14.0,0.2,1.0
14.0,0.18,1.0
14.0,0.22,1.0
14.0,0.23,1.0
14.0,0.31,1.0
14.0,0.28,1.0
14.0,0.15,1.0
14.0,0.3,1.0
14.0,0.37,1.0
14.0,0.39,1.0
15.0,0.35,2.0
15.0,0.26,2.0
15.0,0.31,2.0
15.0,0.19,2.0
15.0,0.31,2.0
15.0,0.28,2.0
15.0,0.39,2.0
15.0,0.25,2.0
15.0,0.4,2.0
15.0,0.3,2.0
16.0,0.17,2.0
16.0,0.23,2.0
16.0,0.31,2.0
16.0,0.39,2.0
16.0,0.24,2.0
16.0,0.4,2.0
16.0,0.55,2.0
16.0,0.44,2.0
16.0,0.29,2.0
16.0,0.1,2.0
17.0,0.27,2.0
17.0,0.43,2.0
17.0,0.31,2.0
17.0,0.31,2.0
17.0,0.39,2.0
17.0,0.18,2.0
17.0,0.41,2.0
17.0,0.33,2.0
17.0,0.37,2.0
17.0,0.35,2.0
18.0,0.27,2.0
18.0,0.52,2.0
18.0,0.41,2.0
18.0,0.33,2.0
18.0,0.4,2.0
18.0,0.28,2.0
18.0,0.18,2.0
18.0,0.17,2.0
18.0,0.42,2.0
18.0,0.23,2.0
19.0,0.22,2.0
19.0,0.32,2.0
19.0,0.29,2.0
19.0,0.19,2.0
19.0,0.29,2.0
19.0,0.11,2.0
19.0,0.27,2.0
19.0,0.32,2.0
19.0,0.33,2.0
19.0,0.23,2.0
20.0,0.17,2.0
20.0,0.34,2.0
20.0,0.25,2.0
20.0,0.36,2.0
20.0,0.36,2.0
20.0,0.33,2.0
20.0,0.18,2.0
20.0,0.13,2.0
20.0,0.35,2.0
20.0,0.23,2.0
21.0,0.16,2.0
21.0,0.3,2.0
21.0,0.29,2.0
21.0,0.39,2.0
21.0,0.51,2.0
21.0,0.03,2.0
21.0,0.46,2.0
21.0,0.23,2.0
21.0,0.33,2.0
21.0,0.36,2.0
22.0,0.3,3.0
22.0,0.14,3.0
22.0,0.4,3.0
22.0,0.32,3.0
22.0,0.26,3.0
22.0,0.6,3.0
22.0,0.33,3.0
22.0,0.37,3.0
22.0,0.39,3.0
22.0,0.29,3.0
23.0,0.33,3.0
23.0,0.26,3.0
23.0,0.41,3.0
23.0,0.46,3.0
23.0,0.29,3.0
23.0,0.36,3.0
23.0,0.32,3.0
23.0,0.28,3.0
23.0,0.36,3.0
23.0,0.25,3.0
24.0,0.35,3.0
24.0,0.3,3.0
24.0,0.29,3.0
24.0,0.25,3.0
24.0,0.4,3.0
24.0,0.26,3.0
24.0,0.28,3.0
24.0,0.34,3.0
24.0,0.29,3.0
24.0,0.4,3.0
25.0,0.24,3.0
25.0,0.27,3.0
25.0,0.27,3.0
25.0,0.42,3.0
25.0,0.15,3.0
25.0,0.3,3.0
25.0,0.23,3.0
25.0,0.45,3.0
25.0,0.26,3.0
25.0,0.26,3.0
26.0,0.43,3.0
26.0,0.15,3.0
26.0,0.24,3.0
26.0,0.27,3.0
26.0,0.27,3.0
26.0,0.35,3.0
26.0,0.42,3.0
26.0,0.42,3.0
26.0,0.36,3.0
26.0,0.18,3.0
27.0,0.2,3.0
27.0,0.26,3.0
27.0,0.31,3.0
27.0,0.35,3.0
27.0,0.38,3.0
27.0,0.38,3.0
27.0,0.39,3.0
27.0,0.35,3.0
27.0,0.36,3.0
27.0,0.38,3.0
28.0,0.19,3.0
28.0,0.26,3.0
28.0,0.29,3.0
28.0,0.28,3.0
28.0,0.33,3.0
28.0,0.2,3.0
28.0,0.38,3.0
28.0,0.39,3.0
28.0,0.31,3.0
28.0,0.26,3.0
29.0,0.22,4.0
29.0,0.14,4.0
29.0,0.35,4.0
29.0,0.42,4.0
29.0,0.33,4.0
29.0,0.33,4.0
29.0,0.35,4.0
29.0,0.3,4.0
29.0,0.25,4.0
29.0,0.3,4.0
30.0,0.28,4.0
30.0,0.43,4.0
30.0,0.27,4.0
30.0,0.26,4.0
30.0,0.45,4.0
30.0,0.34,4.0
30.0,0.35,4.0
30.0,0.45,4.0
30.0,0.22,4.0
30.0,0.51,4.0
31.0,0.3,4.0
31.0,0.46,4.0
31.0,0.24,4.0
31.0,0.38,4.0
31.0,0.06,4.0
31.0,0.19,4.0
31.0,0.53,4.0
31.0,0.37,4.0
31.0,0.41,4.0
31.0,0.3,4.0
32.0,0.42,4.0
32.0,0.46,4.0
32.0,0.25,4.0
32.0,0.23,4.0
32.0,0.3,4.0
32.0,0.27,4.0
32.0,0.24,4.0
32.0,0.23,4.0
32.0,0.3,4.0
32.0,0.3,4.0
33.0,0.29,4.0
33.0,0.41,4.0
33.0,0.24,4.0
33.0,0.44,4.0
33.0,0.24,4.0
33.0,0.27,4.0
33.0,0.14,4.0
33.0,0.24,4.0
33.0,0.19,4.0
33.0,0.17,4.0
34.0,0.3,4.0
34.0,0.25,4.0
34.0,0.54,4.0
34.0,0.37,4.0
34.0,0.4,4.0
34.0,0.27,4.0
34.0,0.4,4.0
34.0,0.18,4.0
34.0,0.34,4.0
34.0,0.3,4.0
35.0,0.21,4.0
35.0,0.15,4.0
35.0,0.36,4.0
35.0,0.27,4.0
35.0,0.41,4.0
35.0,0.41,4.0
35.0,0.23,4.0
35.0,0.4,4.0
35.0,0.53,4.0
35.0,0.22,4.0
36.0,0.31,5.0
36.0,0.23,5.0
36.0,0.23,5.0
36.0,0.17,5.0
36.0,0.27,5.0
36.0,0.42,5.0
36.0,0.24,5.0
36.0,0.45,5.0
36.0,0.24,5.0
36.0,0.32,5.0
37.0,0.41,5.0
37.0,0.3,5.0
37.0,0.42,5.0
37.0,0.32,5.0
37.0,0.37,5.0
37.0,0.36,5.0
37.0,0.27,5.0
37.0,0.24,5.0
37.0,0.16,5.0
37.0,0.35,5.0
38.0,0.31,5.0
38.0,0.29,5.0
38.0,0.36,5.0
38.0,0.34,5.0
38.0,0.39,5.0
38.0,0.35,5.0
38.0,0.24,5.0
38.0,0.13,5.0
38.0,0.31,5.0
38.0,0.23,5.0
39.0,0.24,5.0
39.0,0.3,5.0
39.0,0.25,5.0
39.0,0.28,5.0
39.0,0.36,5.0
39.0,0.35,5.0
39.0,0.52,5.0
39.0,0.35,5.0
39.0,0.27,5.0
39.0,0.21,5.0
40.0,0.3,5.0
40.0,0.27,5.0
40.0,0.45,5.0
40.0,0.34,5.0
40.0,0.42,5.0
40.0,0.46,5.0
40.0,0.37,5.0
40.0,0.22,5.0
40.0,0.31,5.0
40.0,0.24,5.0
41.0,0.23,5.0
41.0,0.53,5.0
41.0,0.18,5.0
41.0,0.47,5.0
41.0,0.44,5.0
41.0,0.29,5.0
41.0,0.27,5.0
41.0,0.29,5.0
41.0,0.23,5.0
41.0,0.44,5.0
42.0,0.4,5.0
42.0,0.22,5.0
42.0,0.13,5.0
42.0,0.27,5.0
42.0,0.35,5.0
42.0,0.11,5.0
42.0,0.3,5.0
42.0,0.07,5.0
42.0,0.25,5.0
42.0,0.13,5.0
43.0,0.24,6.0
43.0,0.38,6.0
43.0,0.44,6.0
43.0,0.41,6.0
43.0,0.49,6.0
43.0,0.16,6.0
43.0,0.25,6.0
43.0,0.3,6.0
43.0,0.52,6.0
43.0,0.31,6.0
44.0,0.22,6.0
44.0,0.11,6.0
44.0,0.38,6.0
44.0,0.32,6.0
44.0,0.42,6.0
44.0,0.16,6.0
44.0,0.41,6.0
44.0,0.27,6.0
44.0,0.23,6.0
44.0,0.33,6.0
45.0,0.16,6.0
45.0,0.31,6.0
45.0,0.44,6.0
45.0,0.19,6.0
45.0,0.23,6.0
45.0,0.35,6.0
45.0,0.4,6.0
45.0,0.33,6.0
45.0,0.32,6.0
45.0,0.21,6.0
46.0,0.16,6.0
46.0,0.38,6.0
46.0,0.26,6.0
46.0,0.39,6.0
46.0,0.28,6.0
46.0,0.22,6.0
46.0,0.29,6.0
46.0,0.19,6.0
46.0,0.4,6.0
46.0,0.35,6.0
47.0,0.39,6.0
47.0,0.24,6.0
47.0,0.37,6.0
47.0,0.25,6.0
47.0,0.12,6.0
47.0,0.34,6.0
47.0,0.13,6.0
47.0,0.33,6.0
47.0,0.43,6.0
47.0,0.23,6.0
48.0,0.3,6.0
48.0,0.33,6.0
48.0,0.3,6.0
48.0,0.24,6.0
48.0,0.23,6.0
48.0,0.27,6.0
48.0,0.46,6.0
48.0,0.39,6.0
48.0,0.26,6.0
48.0,0.39,6.0
49.0,0.57,6.0
49.0,0.23,6.0
49.0,0.2,6.0
49.0,0.39,6.0
49.0,0.23,6.0
49.0,0.28,6.0
49.0,0.27,6.0
49.0,0.37,6.0
49.0,0.47,6.0
49.0,0.3,6.0
50.0,0.08,7.0
50.0,0.32,7.0
50.0,0.49,7.0
50.0,0.4,7.0
50.0,0.31,7.0
50.0,0.22,7.0
50.0,0.55,7.0
50.0,0.29,7.0
50.0,0.38,7.0
50.0,0.33,7.0
51.0,0.27,7.0
51.0,0.17,7.0
51.0,0.09,7.0
51.0,0.33,7.0
51.0,0.41,7.0
51.0,0.3,7.0
51.0,0.35,7.0
51.0,0.44,7.0
51.0,0.39,7.0
51.0,0.21,7.0
52.0,0.21,7.0
52.0,0.33,7.0
52.0,0.31,7.0
52.0,0.22,7.0
52.0,0.16,7.0
52.0,0.29,7.0
52.0,0.34,7.0
52.0,0.17,7.0
52.0,0.21,7.0
52.0,0.18,7.0
53.0,0.24,7.0
53.0,0.32,7.0
53.0,0.48,7.0
53.0,0.34,7.0
53.0,0.33,7.0
53.0,0.26,7.0
53.0,0.43,7.0
53.0,0.25,7.0
53.0,0.14,7.0
53.0,0.15,7.0
54.0,0.32,7.0
54.0,0.35,7.0
54.0,0.31,7.0
54.0,0.43,7.0
54.0,0.32,7.0
54.0,0.41,7.0
54.0,0.46,7.0
54.0,0.36,7.0
54.0,0.27,7.0
54.0,0.26,7.0
55.0,0.13,7.0
55.0,0.26,7.0
55.0,0.38,7.0
55.0,0.18,7.0
55.0,0.14,7.0
55.0,0.44,7.0
55.0,0.3,7.0
55.0,0.27,7.0
55.0,0.47,7.0
55.0,0.29,7.0
56.0,0.28,7.0
56.0,0.26,7.0
56.0,0.29,7.0
56.0,0.54,7.0
56.0,0.26,7.0
56.0,0.33,7.0
56.0,0.2,7.0
56.0,0.23,7.0
56.0,0.19,7.0
56.0,0.31,7.0
57.0,0.18,8.0
57.0,0.25,8.0
57.0,0.41,8.0
57.0,0.27,8.0
57.0,0.36,8.0
57.0,0.17,8.0
57.0,0.16,8.0
57.0,0.51,8.0
57.0,0.2,8.0
57.0,0.22,8.0
58.0,0.35,8.0
58.0,0.26,8.0
58.0,0.21,8.0
58.0,0.42,8.0
58.0,0.42,8.0
58.0,0.37,8.0
58.0,0.33,8.0
58.0,0.22,8.0
58.0,0.43,8.0
58.0,0.38,8.0
59.0,0.28,8.0
59.0,0.31,8.0
59.0,0.32,8.0
59.0,0.27,8.0
59.0,0.31,8.0
59.0,0.45,8.0
59.0,0.32,8.0
59.0,0.13,8.0
59.0,0.1,8.0
59.0,0.22,8.0
60.0,0.26,8.0
60.0,0.28,8.0
60.0,0.32,8.0
60.0,0.31,8.0
60.0,0.1,8.0
60.0,0.34,8.0
60.0,0.29,8.0
60.0,0.25,8.0
60.0,0.44,8.0
60.0,0.21,8.0
61.0,0.37,8.0
61.0,0.26,8.0
61.0,0.27,8.0
61.0,0.37,8.0
61.0,0.44,8.0
61.0,0.43,8.0
61.0,0.25,8.0
61.0,0.31,8.0
61.0,0.3,8.0
61.0,0.13,8.0
62.0,0.32,8.0
62.0,0.22,8.0
62.0,0.47,8.0
62.0,0.17,8.0
62.0,0.28,8.0
62.0,0.31,8.0
62.0,0.25,8.0
62.0,0.37,8.0
62.0,0.1,8.0
62.0,0.27,8.0
