Date,Cases,Deaths,Day of year,Week of year,Percent Change
2014-03-22,49.0,29.0,81.0,11.571428571428571,
2014-03-24,86.0,59.0,83.0,11.857142857142858,0.37755102040816324
2014-03-25,86.0,60.0,84.0,12.0,0.0
2014-03-26,86.0,62.0,85.0,12.142857142857142,0.0
2014-03-27,111.0,72.0,86.0,12.285714285714286,0.29069767441860467
2014-03-28,120.0,76.0,87.0,12.428571428571429,0.08108108108108109
2014-03-29,114.0,71.0,88.0,12.571428571428571,-0.05
2014-03-31,130.0,82.0,90.0,12.857142857142858,0.07017543859649122
2014-04-01,135.0,88.0,91.0,13.0,0.038461538461538464
2014-04-07,172.0,105.0,97.0,13.857142857142858,0.04567901234567901
2014-04-09,179.0,111.0,99.0,14.142857142857142,0.020348837209302327
2014-04-10,183.0,113.0,100.0,14.285714285714286,0.0223463687150838
2014-04-11,184.0,114.0,101.0,14.428571428571429,0.00546448087431694
2014-04-14,194.0,121.0,104.0,14.857142857142858,0.018115942028985508
2014-04-16,224.0,135.0,106.0,15.142857142857142,0.07731958762886598
2014-04-17,230.0,142.0,107.0,15.285714285714286,0.026785714285714284
2014-04-20,235.0,149.0,110.0,15.714285714285714,0.007246376811594203
2014-04-21,242.0,147.0,111.0,15.857142857142858,0.029787234042553193
2014-04-23,252.0,152.0,113.0,16.142857142857142,0.02066115702479339
2014-04-24,253.0,152.0,114.0,16.285714285714285,0.003968253968253968
2014-04-30,233.0,155.0,120.0,17.142857142857142,-0.013175230566534914
2014-05-01,237.0,158.0,121.0,17.285714285714285,0.017167381974248927
2014-05-02,239.0,160.0,122.0,17.428571428571427,0.008438818565400843
2014-05-03,244.0,166.0,123.0,17.571428571428573,0.02092050209205021
2014-05-07,249.0,169.0,127.0,18.142857142857142,0.005122950819672131
2014-05-10,245.0,168.0,130.0,18.571428571428573,-0.00535475234270415
2014-05-12,260.0,182.0,132.0,18.857142857142858,0.030612244897959183
2014-05-18,265.0,187.0,138.0,19.714285714285715,0.0032051282051282055
2014-05-23,270.0,185.0,143.0,20.428571428571427,0.0037735849056603774
2014-05-27,309.0,202.0,147.0,21.0,0.03611111111111111
2014-05-28,319.0,209.0,148.0,21.142857142857142,0.032362459546925564
2014-05-29,354.0,211.0,149.0,21.285714285714285,0.109717868338558
2014-06-01,383.0,211.0,152.0,21.714285714285715,0.027306967984934084
2014-06-03,436.0,233.0,154.0,22.0,0.06919060052219321
2014-06-05,445.0,244.0,156.0,22.285714285714285,0.010321100917431193
2014-06-05,438.0,233.0,156.0,22.285714285714285,
2014-06-06,453.0,245.0,157.0,22.428571428571427,0.03424657534246575
2014-06-10,474.0,252.0,161.0,23.0,0.011589403973509934
2014-06-15,522.0,333.0,166.0,23.714285714285715,0.020253164556962026
2014-06-16,526.0,334.0,167.0,23.857142857142858,0.007662835249042145
2014-06-17,528.0,337.0,168.0,24.0,0.0038022813688212928
2014-06-20,581.0,328.0,171.0,24.428571428571427,0.03345959595959596
2014-06-22,599.0,338.0,173.0,24.714285714285715,0.01549053356282272
2014-06-30,759.0,467.0,181.0,25.857142857142858,0.0333889816360601
2014-07-02,779.0,481.0,183.0,26.142857142857142,0.013175230566534914
2014-07-06,844.0,518.0,187.0,26.714285714285715,0.02086007702182285
2014-07-08,888.0,539.0,189.0,27.0,0.026066350710900472
2014-07-12,964.0,603.0,193.0,27.571428571428573,0.021396396396396396
2014-07-14,982.0,613.0,195.0,27.857142857142858,0.00933609958506224
2014-07-17,1048.0,632.0,198.0,28.285714285714285,0.02240325865580448
2014-07-20,1093.0,660.0,201.0,28.714285714285715,0.014312977099236643
2014-07-23,1201.0,672.0,204.0,29.142857142857142,0.032936870997255265
2014-07-27,1323.0,729.0,208.0,29.714285714285715,0.0253955037468776
2014-07-30,1440.0,826.0,211.0,30.142857142857142,0.02947845804988662
2014-08-01,1603.0,887.0,213.0,30.428571428571427,0.05659722222222222
2014-08-04,1711.0,932.0,216.0,30.857142857142858,0.022457891453524642
2014-08-06,1779.0,961.0,218.0,31.142857142857142,0.019871420222092345
2014-08-09,1848.0,1013.0,221.0,31.571428571428573,0.012928611579539067
2014-08-11,1975.0,1069.0,223.0,31.857142857142858,0.034361471861471864
2014-08-13,2127.0,1145.0,225.0,32.142857142857146,0.03848101265822785
2014-08-16,2240.0,1229.0,228.0,32.57142857142857,0.017708823068484564
2014-08-18,2473.0,1350.0,230.0,32.857142857142854,0.052008928571428574
2014-08-20,2615.0,1427.0,232.0,33.142857142857146,0.028710068742418115
2014-08-25,3071.0,1553.0,237.0,33.857142857142854,0.034875717017208416
2014-08-31,3707.0,1848.0,243.0,34.714285714285715,0.034516444154998376
2014-09-03,4001.0,2089.0,246.0,35.142857142857146,0.026436471540329107
2014-09-07,4366.0,2177.0,250.0,35.714285714285715,0.022806798300424893
2014-09-10,4846.0,2375.0,253.0,36.142857142857146,0.03664681630783326
2014-09-14,5347.0,2630.0,257.0,36.714285714285715,0.02584605860503508
2014-09-17,5762.0,2746.0,260.0,37.142857142857146,0.02587120503709245
2014-09-21,6263.0,2900.0,264.0,37.714285714285715,0.02173724401249566
2014-09-23,6574.0,3091.0,266.0,38.0,0.0248283570174038
2014-09-25,6808.0,3159.0,268.0,38.285714285714285,0.017797383632491635
2014-09-28,7192.0,3286.0,271.0,38.714285714285715,0.01880141010575793
2014-10-01,7492.0,3439.0,274.0,39.142857142857146,0.013904338153503892
2014-10-05,8011.0,3857.0,278.0,39.714285714285715,0.017318473037907102
2014-10-07,8386.0,3988.0,280.0,40.0,0.023405317688178755
2014-10-12,8997.0,4493.0,285.0,40.714285714285715,0.014571905556880515
2014-10-17,9693.0,4811.0,290.0,41.42857142857143,0.015471823941313773
2014-10-19,9936.0,4877.0,292.0,41.714285714285715,0.012534818941504178
2014-10-24,12008.0,5078.0,297.0,42.42857142857143,0.04170692431561997
