Day,Month,Year,Price,RelChange,Time,RiskFree
2.0,1.0,1992.0,31.0,0.0735931,92.0028,31.0
3.0,1.0,1992.0,32.5,0.0483871,92.0056,31.005828
6.0,1.0,1992.0,33.5,0.0307692,92.0139,31.011657095664003
7.0,1.0,1992.0,33.0,-0.0149254,92.0167,31.01748728719799
8.0,1.0,1992.0,32.125,-0.0265152,92.0194,31.023318574807988
9.0,1.0,1992.0,32.125,0.0,92.0222,31.029150958700054
10.0,1.0,1992.0,31.75,-0.0116732,92.025,31.034984439080294
13.0,1.0,1992.0,31.0,-0.0236221,92.0333,31.040819016154842
14.0,1.0,1992.0,32.0,0.0322581,92.0361,31.04665469012988
15.0,1.0,1992.0,32.125,0.00390625,92.0389,31.052491461211627
16.0,1.0,1992.0,34.375,0.0700389,92.0417,31.058329329606337
17.0,1.0,1992.0,33.875,-0.0145455,92.0444,31.064168295520307
20.0,1.0,1992.0,33.875,0.0,92.0528,31.070008359159868
21.0,1.0,1992.0,32.75,-0.0332103,92.0556,31.075849520731392
22.0,1.0,1992.0,33.0,0.00763359,92.0583,31.081691780441293
23.0,1.0,1992.0,32.625,-0.0113636,92.0611,31.08753513849602
24.0,1.0,1992.0,32.75,0.00383142,92.0639,31.093379595102057
27.0,1.0,1992.0,34.125,0.0419847,92.0722,31.099225150465937
28.0,1.0,1992.0,34.375,0.00732601,92.075,31.10507180479423
29.0,1.0,1992.0,32.75,-0.0472727,92.0778,31.11091955829353
30.0,1.0,1992.0,32.75,0.0,92.0806,31.116768411170494
31.0,1.0,1992.0,32.375,-0.0114504,92.0833,31.122618363631798
3.0,2.0,1992.0,34.0,0.0501931,92.0889,31.12846941588416
4.0,2.0,1992.0,35.0,0.0294118,92.0917,31.13432156813435
5.0,2.0,1992.0,34.875,-0.00357143,92.0944,31.140174820589163
6.0,2.0,1992.0,35.625,0.0215054,92.0972,31.146029173455435
7.0,2.0,1992.0,34.0,-0.034386,92.1,31.151884626940046
10.0,2.0,1992.0,34.875,0.0257353,92.1083,31.157741181249914
11.0,2.0,1992.0,35.375,0.0143369,92.1111,31.16359883659199
12.0,2.0,1992.0,35.875,0.0141343,92.1139,31.169457593173274
13.0,2.0,1992.0,36.625,0.0209059,92.1167,31.175317451200794
14.0,2.0,1992.0,38.125,0.0409556,92.1194,31.18117841088162
18.0,2.0,1992.0,37.625,-0.0131148,92.1306,31.18704047242287
19.0,2.0,1992.0,38.375,0.0199336,92.1333,31.192903636031687
20.0,2.0,1992.0,39.0,0.0162867,92.1361,31.198767901915264
21.0,2.0,1992.0,38.375,-0.0160256,92.1389,31.204633270280826
24.0,2.0,1992.0,37.75,-0.0162867,92.1472,31.210499741335642
25.0,2.0,1992.0,36.5,-0.0331126,92.15,31.216367315287016
26.0,2.0,1992.0,36.75,0.00684932,92.1528,31.22223599234229
27.0,2.0,1992.0,36.125,-0.0170068,92.1556,31.228105772708854
28.0,2.0,1992.0,37.5,0.0380623,92.1583,31.233976656594127
2.0,3.0,1992.0,37.875,0.01,92.1694,31.23984864420557
3.0,3.0,1992.0,37.625,-0.00660066,92.1722,31.24572173575068
4.0,3.0,1992.0,37.375,-0.00664452,92.175,31.251595931437006
5.0,3.0,1992.0,37.0,-0.0100334,92.1778,31.257471231472117
6.0,3.0,1992.0,36.875,-0.00337838,92.1806,31.263347636063635
9.0,3.0,1992.0,37.375,0.0135593,92.1889,31.269225145419217
10.0,3.0,1992.0,37.375,0.0,92.1917,31.275103759746557
11.0,3.0,1992.0,37.375,0.0,92.1944,31.280983479253393
12.0,3.0,1992.0,37.875,0.0133779,92.1972,31.286864304147496
13.0,3.0,1992.0,37.125,-0.019802,92.2,31.292746234636677
16.0,3.0,1992.0,37.125,0.0,92.2083,31.298629270928792
17.0,3.0,1992.0,37.625,0.013468,92.2111,31.304513413231728
18.0,3.0,1992.0,38.25,0.0166113,92.2139,31.310398661753418
19.0,3.0,1992.0,38.375,0.00326797,92.2167,31.31628501670183
20.0,3.0,1992.0,39.125,0.019544,92.2194,31.322172478284973
23.0,3.0,1992.0,38.625,-0.0127796,92.2278,31.328061046710893
24.0,3.0,1992.0,37.375,-0.0323625,92.2306,31.333950722187677
25.0,3.0,1992.0,37.625,0.00668896,92.2333,31.33984150492345
26.0,3.0,1992.0,38.0,0.00996678,92.2361,31.345733395126377
27.0,3.0,1992.0,36.75,-0.0328947,92.2389,31.351626393004665
30.0,3.0,1992.0,36.875,0.00340136,92.2472,31.35752049876655
31.0,3.0,1992.0,36.625,-0.00677966,92.25,31.36341571262032
1.0,4.0,1992.0,37.125,0.0136519,92.25,31.369312034774296
2.0,4.0,1992.0,36.375,-0.020202,92.2528,31.375209465436836
3.0,4.0,1992.0,36.25,-0.00343643,92.2556,31.38110800481634
6.0,4.0,1992.0,36.625,0.0103448,92.2639,31.38700765312125
7.0,4.0,1992.0,37.875,0.0341297,92.2667,31.392908410560036
8.0,4.0,1992.0,37.625,-0.00660066,92.2694,31.398810277341223
9.0,4.0,1992.0,38.0,0.00996678,92.2722,31.404713253673364
10.0,4.0,1992.0,38.625,0.0164474,92.275,31.410617339765057
13.0,4.0,1992.0,39.0,0.00970874,92.2833,31.416522535824935
14.0,4.0,1992.0,39.875,0.0224359,92.2861,31.422428842061674
15.0,4.0,1992.0,39.875,0.0,92.2889,31.428336258683984
16.0,4.0,1992.0,42.25,0.0595611,92.2917,31.43424478590062
20.0,4.0,1992.0,42.625,0.00887574,92.3028,31.440154423920372
21.0,4.0,1992.0,42.5,-0.00293255,92.3056,31.44606517295207
22.0,4.0,1992.0,42.0,-0.0117647,92.3083,31.45197703320459
23.0,4.0,1992.0,42.375,0.00892857,92.3111,31.457890004886835
24.0,4.0,1992.0,39.625,-0.0648968,92.3139,31.463804088207755
27.0,4.0,1992.0,40.0,0.00946372,92.3222,31.469719283376342
28.0,4.0,1992.0,40.375,0.009375,92.325,31.47563559060162
29.0,4.0,1992.0,42.375,0.0495356,92.3278,31.481553010092654
30.0,4.0,1992.0,41.5,-0.020649,92.3306,31.487471542058554
1.0,5.0,1992.0,40.875,-0.0150602,92.3333,31.493391186708465
4.0,5.0,1992.0,40.625,-0.00611621,92.3417,31.49931194425157
5.0,5.0,1992.0,40.5,-0.00307692,92.3444,31.505233814897093
6.0,5.0,1992.0,40.5,0.0,92.3472,31.511156798854294
7.0,5.0,1992.0,39.75,-0.0185185,92.35,31.51708089633248
8.0,5.0,1992.0,39.875,0.00314465,92.3528,31.523006107540994
11.0,5.0,1992.0,39.375,-0.0125392,92.3611,31.528932432689214
12.0,5.0,1992.0,39.75,0.00952381,92.3639,31.534859871986562
13.0,5.0,1992.0,39.875,0.00314465,92.3667,31.540788425642496
14.0,5.0,1992.0,39.375,-0.0125392,92.3694,31.54671809386652
15.0,5.0,1992.0,39.25,-0.0031746,92.3722,31.55264887686817
18.0,5.0,1992.0,39.375,0.00318471,92.3806,31.558580774857024
19.0,5.0,1992.0,39.25,-0.0031746,92.3833,31.5645137880427
20.0,5.0,1992.0,39.0,-0.00636943,92.3861,31.570447916634855
21.0,5.0,1992.0,39.0,0.0,92.3889,31.576383160843186
22.0,5.0,1992.0,39.125,0.00320513,92.3917,31.582319520877427
26.0,5.0,1992.0,38.0,-0.028754,92.4028,31.588256996947354
27.0,5.0,1992.0,39.125,0.0296053,92.4056,31.59419558926278
28.0,5.0,1992.0,39.25,0.00319489,92.4083,31.600135298033564
29.0,5.0,1992.0,39.875,0.0159236,92.4111,31.606076123469595
1.0,6.0,1992.0,41.5,0.0507837,92.4167,31.61201806578081
2.0,6.0,1992.0,40.5,-0.0240964,92.4194,31.617961125177178
3.0,6.0,1992.0,41.75,0.0308642,92.4222,31.623905301868714
4.0,6.0,1992.0,43.625,0.0449102,92.425,31.629850596065467
5.0,6.0,1992.0,44.0,0.00859599,92.4278,31.63579700797753
8.0,6.0,1992.0,43.875,-0.00284091,92.4361,31.641744537815033
9.0,6.0,1992.0,43.375,-0.011396,92.4389,31.647693185788143
10.0,6.0,1992.0,43.625,0.00576369,92.4417,31.653642952107074
11.0,6.0,1992.0,43.0,-0.0143267,92.4444,31.659593836982072
12.0,6.0,1992.0,43.125,0.00290698,92.4472,31.665545840623427
15.0,6.0,1992.0,43.75,0.0144928,92.4556,31.671498963241465
16.0,6.0,1992.0,44.0,0.00571429,92.4583,31.677453205046557
17.0,6.0,1992.0,41.625,-0.0539773,92.4611,31.68340856624911
18.0,6.0,1992.0,42.75,0.027027,92.4639,31.689365047059567
19.0,6.0,1992.0,43.875,0.0263158,92.4667,31.695322647688418
22.0,6.0,1992.0,43.25,-0.014245,92.475,31.701281368346187
23.0,6.0,1992.0,43.5,0.00578035,92.4778,31.70724120924344
24.0,6.0,1992.0,43.75,0.00574713,92.4806,31.71320217059078
25.0,6.0,1992.0,43.0,-0.0171429,92.4833,31.719164252598855
26.0,6.0,1992.0,42.625,-0.00872093,92.4861,31.725127455478347
29.0,6.0,1992.0,43.75,0.026393,92.4944,31.73109177943998
30.0,6.0,1992.0,44.0,0.00571429,92.4972,31.737057224694517
1.0,7.0,1992.0,43.0,-0.0227273,92.5,31.743023791452764
2.0,7.0,1992.0,41.125,-0.0436047,92.5028,31.74899147992556
6.0,7.0,1992.0,40.75,-0.00911854,92.5139,31.75496029032379
7.0,7.0,1992.0,40.75,0.0,92.5167,31.760930222858374
8.0,7.0,1992.0,40.375,-0.00920245,92.5194,31.766901277740274
9.0,7.0,1992.0,41.25,0.0216718,92.5222,31.77287345518049
10.0,7.0,1992.0,41.0,-0.00606061,92.525,31.778846755390067
13.0,7.0,1992.0,41.75,0.0182927,92.5333,31.78482117858008
14.0,7.0,1992.0,42.125,0.00898204,92.5361,31.790796724961655
15.0,7.0,1992.0,41.75,-0.00890208,92.5389,31.79677339474595
16.0,7.0,1992.0,41.375,-0.00898204,92.5417,31.802751188144168
17.0,7.0,1992.0,40.75,-0.0151057,92.5444,31.80873010536754
20.0,7.0,1992.0,40.25,-0.0122699,92.5528,31.814710146627352
21.0,7.0,1992.0,39.875,-0.00931677,92.5556,31.82069131213492
22.0,7.0,1992.0,38.875,-0.0250784,92.5583,31.826673602101604
23.0,7.0,1992.0,39.0,0.00321543,92.5611,31.8326570167388
24.0,7.0,1992.0,39.25,0.00641026,92.5639,31.83864155625795
27.0,7.0,1992.0,39.875,0.0159236,92.5722,31.844627220870528
28.0,7.0,1992.0,41.375,0.0376176,92.575,31.850614010788053
29.0,7.0,1992.0,41.625,0.0060423,92.5778,31.856601926222083
30.0,7.0,1992.0,41.5,-0.003003,92.5806,31.862590967384214
31.0,7.0,1992.0,41.625,0.00301205,92.5833,31.868581134486085
3.0,8.0,1992.0,41.0,-0.015015,92.5889,31.87457242773937
4.0,8.0,1992.0,40.25,-0.0182927,92.5917,31.88056484735579
5.0,8.0,1992.0,39.125,-0.0279503,92.5944,31.886558393547094
6.0,8.0,1992.0,37.25,-0.0479233,92.5972,31.892553066525085
7.0,8.0,1992.0,37.0,-0.00671141,92.6,31.898548866501596
10.0,8.0,1992.0,37.875,0.0236487,92.6083,31.904545793688502
11.0,8.0,1992.0,38.0,0.00330033,92.6111,31.910543848297717
12.0,8.0,1992.0,37.125,-0.0230263,92.6139,31.9165430305412
13.0,8.0,1992.0,36.5,-0.016835,92.6167,31.92254334063094
14.0,8.0,1992.0,36.875,0.0212329,92.6194,31.92854477877898
17.0,8.0,1992.0,37.25,0.0101695,92.6278,31.934547345197394
18.0,8.0,1992.0,37.25,0.0,92.6306,31.940551040098295
19.0,8.0,1992.0,36.375,-0.0234899,92.6333,31.946555863693835
20.0,8.0,1992.0,35.625,-0.0206186,92.6361,31.952561816196212
21.0,8.0,1992.0,35.375,-0.00701754,92.6389,31.95856889781766
24.0,8.0,1992.0,34.0,-0.0388693,92.6472,31.964577108770452
25.0,8.0,1992.0,33.75,-0.00735294,92.65,31.970586449266904
26.0,8.0,1992.0,34.125,0.0111111,92.6528,31.97659691951937
27.0,8.0,1992.0,33.75,-0.010989,92.6556,31.982608519740243
28.0,8.0,1992.0,33.5,-0.00740741,92.6583,31.988621250141957
31.0,8.0,1992.0,34.625,0.0335821,92.6667,31.994635110936986
1.0,9.0,1992.0,34.375,-0.00722022,92.6667,32.00065010233784
2.0,9.0,1992.0,34.375,0.0,92.6694,32.00666622455709
3.0,9.0,1992.0,34.75,0.0109091,92.6722,32.01268347780731
4.0,9.0,1992.0,35.125,0.0107914,92.675,32.018701862301135
8.0,9.0,1992.0,34.0,-0.0320285,92.6861,32.02472137825125
9.0,9.0,1992.0,34.0,0.0,92.6889,32.03074202587037
10.0,9.0,1992.0,34.0,0.0,92.6917,32.03676380537123
11.0,9.0,1992.0,33.625,-0.0110294,92.6944,32.042786716966646
14.0,9.0,1992.0,34.875,0.0371747,92.7028,32.048810760869436
15.0,9.0,1992.0,33.875,-0.0286738,92.7056,32.05483593729248
16.0,9.0,1992.0,33.25,-0.0184502,92.7083,32.06086224644869
17.0,9.0,1992.0,33.375,0.0037594,92.7111,32.06688968855103
18.0,9.0,1992.0,34.125,0.0224719,92.7139,32.07291826381248
21.0,9.0,1992.0,34.25,0.003663,92.7222,32.07894797244608
22.0,9.0,1992.0,33.0,-0.0364964,92.725,32.0849788146649
23.0,9.0,1992.0,32.125,-0.0265152,92.7278,32.09101079068206
24.0,9.0,1992.0,33.125,0.0311284,92.7306,32.097043900710716
25.0,9.0,1992.0,32.0,-0.0339623,92.7333,32.10307814496405
28.0,9.0,1992.0,32.0,0.0,92.7417,32.10911352365531
29.0,9.0,1992.0,32.0,0.0,92.7444,32.11515003699776
30.0,9.0,1992.0,32.125,0.00390625,92.7472,32.12118768520472
1.0,10.0,1992.0,31.625,-0.0155642,92.75,32.12722646848954
2.0,10.0,1992.0,30.875,-0.0237154,92.7528,32.13326638706562
5.0,10.0,1992.0,31.125,0.00809717,92.7611,32.139307441146386
6.0,10.0,1992.0,30.875,-0.00803213,92.7639,32.145349630945326
7.0,10.0,1992.0,30.0,-0.0283401,92.7667,32.15139295667595
8.0,10.0,1992.0,30.125,0.00416667,92.7694,32.15743741855181
9.0,10.0,1992.0,29.125,-0.033195,92.7722,32.1634830167865
12.0,10.0,1992.0,30.75,0.055794,92.7806,32.16952975159366
13.0,10.0,1992.0,31.25,0.0162602,92.7833,32.17557762318696
14.0,10.0,1992.0,30.75,-0.016,92.7861,32.18162663178012
15.0,10.0,1992.0,30.5,-0.00813008,92.7889,32.187676777586894
16.0,10.0,1992.0,29.375,-0.0368853,92.7917,32.19372806082108
19.0,10.0,1992.0,29.125,-0.00851064,92.8,32.199780481696514
20.0,10.0,1992.0,29.75,0.0214592,92.8028,32.20583404042708
21.0,10.0,1992.0,31.0,0.0420168,92.8056,32.21188873722668
22.0,10.0,1992.0,32.875,0.0604839,92.8083,32.21794457230928
23.0,10.0,1992.0,33.5,0.0190114,92.8111,32.224001545888875
26.0,10.0,1992.0,34.125,0.0186567,92.8194,32.230059658179506
27.0,10.0,1992.0,32.375,-0.0512821,92.8222,32.236118909395245
28.0,10.0,1992.0,31.375,-0.030888,92.825,32.24217929975021
29.0,10.0,1992.0,31.375,0.0,92.8278,32.24824082945857
30.0,10.0,1992.0,30.75,-0.0199203,92.8306,32.25430349873451
2.0,11.0,1992.0,31.875,0.0365854,92.8361,32.26036730779227
3.0,11.0,1992.0,32.25,0.0117647,92.8389,32.26643225684614
4.0,11.0,1992.0,31.625,-0.0193798,92.8417,32.272498346110424
5.0,11.0,1992.0,31.25,-0.0055336,92.8444,32.2785655757995
6.0,11.0,1992.0,30.625,-0.02,92.8472,32.28463394612775
9.0,11.0,1992.0,30.875,0.00816326,92.8556,32.290703457309625
10.0,11.0,1992.0,30.625,-0.00809717,92.8583,32.2967741095596
11.0,11.0,1992.0,30.125,-0.0163265,92.8611,32.3028459030922
12.0,11.0,1992.0,30.5,0.0124481,92.8639,32.30891883812198
13.0,11.0,1992.0,31.125,0.0204918,92.8667,32.31499291486355
16.0,11.0,1992.0,31.125,0.0,92.875,32.32106813353155
17.0,11.0,1992.0,30.625,-0.0160643,92.8778,32.32714449434065
18.0,11.0,1992.0,30.875,0.00816326,92.8806,32.33322199750559
19.0,11.0,1992.0,30.375,-0.0161943,92.8833,32.339300643241124
20.0,11.0,1992.0,31.0,0.0205761,92.8861,32.34538043176205
23.0,11.0,1992.0,31.0,0.0,92.8944,32.35146136328323
24.0,11.0,1992.0,31.125,0.00403226,92.8972,32.357543438019526
25.0,11.0,1992.0,31.875,0.0240964,92.9,32.36362665618588
27.0,11.0,1992.0,31.625,-0.00784314,92.9056,32.36971101799725
30.0,11.0,1992.0,32.25,0.0197629,92.9139,32.37579652366863
1.0,12.0,1992.0,32.375,0.00387597,92.9167,32.38188317341508
2.0,12.0,1992.0,32.75,0.011583,92.9194,32.387970967451686
3.0,12.0,1992.0,32.75,0.0,92.9222,32.39405990599357
4.0,12.0,1992.0,34.0,0.0381679,92.925,32.4001499892559
7.0,12.0,1992.0,34.375,0.0110294,92.9333,32.40624121745388
8.0,12.0,1992.0,34.75,0.0109091,92.9361,32.41233359080277
9.0,12.0,1992.0,34.5,-0.00719425,92.9389,32.41842710951784
10.0,12.0,1992.0,33.375,-0.0326087,92.9417,32.42452177381443
11.0,12.0,1992.0,33.5,0.00374532,92.9444,32.43061758390791
14.0,12.0,1992.0,33.0,-0.0149254,92.9528,32.43671454001369
15.0,12.0,1992.0,32.5,-0.0151515,92.9556,32.442812642347214
16.0,12.0,1992.0,32.875,0.0115385,92.9583,32.44891189112398
17.0,12.0,1992.0,32.5,-0.0114068,92.9611,32.45501228655951
18.0,12.0,1992.0,33.125,0.0192308,92.9639,32.46111382886939
21.0,12.0,1992.0,33.125,0.0,92.9722,32.46721651826922
22.0,12.0,1992.0,32.5,-0.0188679,92.975,32.47332035497465
23.0,12.0,1992.0,33.0,0.0153846,92.9778,32.47942533920139
24.0,12.0,1992.0,33.0,0.0,92.9806,32.48553147116517
28.0,12.0,1992.0,33.125,0.00378788,92.9917,32.49163875108175
29.0,12.0,1992.0,32.5,-0.0188679,92.9944,32.49774717916696
30.0,12.0,1992.0,32.5,0.0,92.9972,32.50385675563664
31.0,12.0,1992.0,32.25,-0.00769231,93.0,32.5099674807067
4.0,1.0,1993.0,32.875,0.0193798,93.0083,32.516079354593074
5.0,1.0,1993.0,33.25,0.0114068,93.0111,32.52219237751174
6.0,1.0,1993.0,34.0,0.0225564,93.0139,32.52830654967872
7.0,1.0,1993.0,33.375,-0.0183824,93.0167,32.53442187131006
8.0,1.0,1993.0,33.375,0.0,93.0194,32.540538342621865
11.0,1.0,1993.0,34.25,0.0262172,93.0278,32.54665596383028
12.0,1.0,1993.0,34.25,0.0,93.0306,32.55277473515149
13.0,1.0,1993.0,34.0,-0.00729927,93.0333,32.5588946568017
14.0,1.0,1993.0,34.0,0.0,93.0361,32.56501572899718
15.0,1.0,1993.0,34.625,0.0183824,93.0389,32.571137951954235
18.0,1.0,1993.0,35.5,0.0252708,93.0472,32.577261325889204
19.0,1.0,1993.0,36.625,0.0316901,93.05,32.58338585101848
20.0,1.0,1993.0,36.25,-0.0102389,93.0528,32.58951152755847
21.0,1.0,1993.0,37.5,0.0344828,93.0556,32.595638355725654
22.0,1.0,1993.0,38.0,0.0133333,93.0583,32.601766335736535
25.0,1.0,1993.0,37.625,-0.00986842,93.0667,32.60789546780766
26.0,1.0,1993.0,38.25,0.0166113,93.0694,32.61402575215561
27.0,1.0,1993.0,38.0,-0.00653595,93.0722,32.62015718899702
28.0,1.0,1993.0,37.75,-0.00657895,93.075,32.62628977854855
29.0,1.0,1993.0,37.75,0.0,93.0778,32.63242352102692
1.0,2.0,1993.0,38.125,0.00993378,93.0833,32.63855841664888
2.0,2.0,1993.0,37.375,-0.0196721,93.0861,32.64469446563121
3.0,2.0,1993.0,39.125,0.0468227,93.0889,32.650831668190754
4.0,2.0,1993.0,37.75,-0.0351438,93.0917,32.65697002454438
5.0,2.0,1993.0,37.875,0.00860927,93.0944,32.663109534909
8.0,2.0,1993.0,38.875,0.0264026,93.1028,32.66925019950156
9.0,2.0,1993.0,38.375,-0.0128617,93.1056,32.67539201853907
10.0,2.0,1993.0,39.25,0.0228013,93.1083,32.68153499223856
11.0,2.0,1993.0,40.5,0.0318471,93.1111,32.6876791208171
12.0,2.0,1993.0,40.625,0.00308642,93.1139,32.69382440449182
16.0,2.0,1993.0,38.625,-0.0492308,93.125,32.69997084347987
17.0,2.0,1993.0,39.625,0.02589,93.1278,32.70611843799844
18.0,2.0,1993.0,38.5,-0.0283912,93.1306,32.71226718826479
19.0,2.0,1993.0,38.875,0.00974026,93.1333,32.71841709449618
22.0,2.0,1993.0,38.75,-0.00321543,93.1417,32.72456815690995
23.0,2.0,1993.0,36.875,-0.0483871,93.1444,32.73072037572346
24.0,2.0,1993.0,37.75,0.0237288,93.1472,32.73687375115409
25.0,2.0,1993.0,37.75,0.0,93.15,32.743028283419314
26.0,2.0,1993.0,37.25,-0.013245,93.1528,32.749183972736596
1.0,3.0,1993.0,37.0,-0.00671141,93.1667,32.75534081932347
2.0,3.0,1993.0,37.875,0.0236487,93.1694,32.76149882339751
3.0,3.0,1993.0,38.5,0.0165017,93.1722,32.767657985176314
4.0,3.0,1993.0,38.125,-0.00974026,93.175,32.77381830487753
5.0,3.0,1993.0,39.0,0.0229508,93.1778,32.77997978271885
8.0,3.0,1993.0,39.75,0.0192308,93.1861,32.786142418918004
9.0,3.0,1993.0,40.0,0.00628931,93.1889,32.79230621369276
10.0,3.0,1993.0,40.125,0.003125,93.1917,32.798471167260935
11.0,3.0,1993.0,38.75,-0.0342679,93.1944,32.804637279840385
12.0,3.0,1993.0,38.375,-0.00967742,93.1972,32.810804551649
15.0,3.0,1993.0,38.875,0.0130293,93.2056,32.81697298290471
16.0,3.0,1993.0,38.375,-0.0128617,93.2083,32.8231425738255
17.0,3.0,1993.0,38.75,0.00977199,93.2111,32.82931332462938
18.0,3.0,1993.0,39.75,0.0258065,93.2139,32.835485235534414
19.0,3.0,1993.0,39.75,0.0,93.2167,32.841658306758696
22.0,3.0,1993.0,39.75,0.0,93.225,32.84783253852037
23.0,3.0,1993.0,39.75,0.0,93.2278,32.854007931037614
24.0,3.0,1993.0,38.875,-0.0220126,93.2306,32.86018448452865
25.0,3.0,1993.0,38.5,-0.0096463,93.2333,32.86636219921174
26.0,3.0,1993.0,38.125,-0.00974026,93.2361,32.8725410753052
29.0,3.0,1993.0,38.5,0.00983607,93.2444,32.87872111302736
30.0,3.0,1993.0,38.125,-0.00974026,93.2472,32.884902312596616
31.0,3.0,1993.0,37.625,-0.0131148,93.25,32.89108467423139
1.0,4.0,1993.0,37.375,-0.00664452,93.25,32.897268198150144
2.0,4.0,1993.0,37.25,-0.00334448,93.2528,32.9034528845714
5.0,4.0,1993.0,37.75,0.0134228,93.2611,32.909638733713706
6.0,4.0,1993.0,38.375,0.0165563,93.2639,32.915825745795644
7.0,4.0,1993.0,39.25,0.0228013,93.2667,32.922013921035855
8.0,4.0,1993.0,39.5,0.00636943,93.2694,32.92820325965301
12.0,4.0,1993.0,39.125,-0.00949367,93.2806,32.93439376186583
13.0,4.0,1993.0,39.625,0.0127796,93.2833,32.94058542789306
14.0,4.0,1993.0,40.625,0.0252366,93.2861,32.94677825795351
15.0,4.0,1993.0,40.0,-0.0153846,93.2889,32.95297225226601
16.0,4.0,1993.0,40.5,0.0125,93.2917,32.959167411049435
19.0,4.0,1993.0,39.625,-0.0216049,93.3,32.96536373452272
20.0,4.0,1993.0,39.125,-0.0126183,93.3028,32.97156122290481
21.0,4.0,1993.0,38.875,-0.00638978,93.3056,32.977759876414716
22.0,4.0,1993.0,38.625,-0.00643087,93.3083,32.98395969527149
23.0,4.0,1993.0,40.5,0.0485437,93.3111,32.9901606796942
26.0,4.0,1993.0,39.625,-0.0216049,93.3194,32.99636282990198
27.0,4.0,1993.0,40.375,0.0189275,93.3222,33.002566146114006
28.0,4.0,1993.0,42.375,0.0495356,93.325,33.00877062854948
29.0,4.0,1993.0,41.0,-0.0324484,93.3278,33.01497627742765
30.0,4.0,1993.0,40.875,-0.00304878,93.3306,33.02118309296781
3.0,5.0,1993.0,42.375,0.0366973,93.3389,33.02739107538929
4.0,5.0,1993.0,41.875,-0.0117994,93.3417,33.03360022491147
5.0,5.0,1993.0,41.125,-0.0179105,93.3444,33.03981054175375
6.0,5.0,1993.0,40.25,-0.0212766,93.3472,33.0460220261356
7.0,5.0,1993.0,40.0,-0.00124224,93.35,33.05223467827652
10.0,5.0,1993.0,40.625,0.015625,93.3583,33.05844849839604
11.0,5.0,1993.0,41.125,0.0123077,93.3611,33.06466348671374
12.0,5.0,1993.0,41.25,0.00303951,93.3639,33.070879643449246
13.0,5.0,1993.0,40.25,-0.0242424,93.3667,33.07709696882222
14.0,5.0,1993.0,39.25,-0.0248447,93.3694,33.08331546305236
17.0,5.0,1993.0,39.875,0.0159236,93.3778,33.089535126359415
18.0,5.0,1993.0,39.25,-0.015674,93.3806,33.095755958963174
19.0,5.0,1993.0,39.75,0.0127389,93.3833,33.10197796108346
20.0,5.0,1993.0,39.875,0.00314465,93.3861,33.10820113294015
21.0,5.0,1993.0,39.5,-0.00940439,93.3889,33.11442547475315
24.0,5.0,1993.0,39.875,0.00949367,93.3972,33.120650986742405
25.0,5.0,1993.0,39.75,-0.0031348,93.4,33.126877669127914
26.0,5.0,1993.0,40.125,0.00943396,93.4028,33.13310552212971
27.0,5.0,1993.0,39.875,-0.00623053,93.4056,33.13933454596788
28.0,5.0,1993.0,40.125,0.00626959,93.4083,33.14556474086252
1.0,6.0,1993.0,40.375,0.00623053,93.4167,33.1517961070338
2.0,6.0,1993.0,40.375,0.0,93.4194,33.15802864470193
3.0,6.0,1993.0,41.0,0.0154799,93.4222,33.164262354087136
4.0,6.0,1993.0,41.5,0.0121951,93.425,33.170497235409705
7.0,6.0,1993.0,41.5,0.0,93.4333,33.17673328888996
8.0,6.0,1993.0,40.5,-0.0240964,93.4361,33.18297051474828
9.0,6.0,1993.0,41.0,0.0123457,93.4389,33.18920891320505
10.0,6.0,1993.0,41.125,0.00304878,93.4417,33.195448484480735
11.0,6.0,1993.0,40.75,-0.00911854,93.4444,33.20168922879582
14.0,6.0,1993.0,40.5,-0.00613497,93.4528,33.20793114637084
15.0,6.0,1993.0,40.25,-0.00617284,93.4556,33.21417423742636
16.0,6.0,1993.0,41.25,0.0248447,93.4583,33.220418502183
17.0,6.0,1993.0,41.625,0.00909091,93.4611,33.226663940861414
18.0,6.0,1993.0,41.75,0.003003,93.4639,33.232910553682295
21.0,6.0,1993.0,42.875,0.0269461,93.4722,33.23915834086639
22.0,6.0,1993.0,43.625,0.0174927,93.475,33.245407302634476
23.0,6.0,1993.0,43.0,-0.0143267,93.4778,33.25165743920737
24.0,6.0,1993.0,43.125,0.00290698,93.4806,33.257908750805946
25.0,6.0,1993.0,43.125,0.0,93.4833,33.2641612376511
28.0,6.0,1993.0,44.375,0.0289855,93.4917,33.27041489996378
29.0,6.0,1993.0,44.0,-0.0084507,93.4944,33.27666973796498
30.0,6.0,1993.0,44.5,0.0113636,93.4972,33.28292575187572
1.0,7.0,1993.0,44.0,-0.011236,93.5,33.289182941917076
2.0,7.0,1993.0,43.625,-0.00852273,93.5028,33.29544130831016
6.0,7.0,1993.0,44.125,0.0114613,93.5139,33.301700851276124
7.0,7.0,1993.0,44.625,0.0113314,93.5167,33.30796157103617
8.0,7.0,1993.0,46.875,0.0504202,93.5194,33.31422346781152
9.0,7.0,1993.0,47.5,0.0133333,93.5222,33.32048654182348
12.0,7.0,1993.0,46.875,-0.0131579,93.5306,33.32675079329334
13.0,7.0,1993.0,46.875,0.0,93.5333,33.33301622244248
14.0,7.0,1993.0,47.5,0.0133333,93.5361,33.339282829492305
15.0,7.0,1993.0,47.75,0.00526316,93.5389,33.345550614664255
16.0,7.0,1993.0,47.75,0.0,93.5417,33.351819578179814
19.0,7.0,1993.0,47.75,0.0,93.55,33.358089720260516
20.0,7.0,1993.0,48.875,0.0235602,93.5528,33.36436104112793
21.0,7.0,1993.0,48.375,-0.0102302,93.5556,33.37063354100366
22.0,7.0,1993.0,47.625,-0.0155039,93.5583,33.37690722010937
23.0,7.0,1993.0,46.75,-0.0183727,93.5611,33.383182078666756
26.0,7.0,1993.0,47.625,0.0187166,93.5694,33.38945811689755
27.0,7.0,1993.0,47.0,-0.0131234,93.5722,33.39573533502353
28.0,7.0,1993.0,47.0,0.0,93.575,33.402013733266514
29.0,7.0,1993.0,47.5,0.0106383,93.5778,33.40829331184837
30.0,7.0,1993.0,48.5,0.0210526,93.5806,33.414574070991
2.0,8.0,1993.0,49.625,0.0231959,93.5861,33.42085601091635
3.0,8.0,1993.0,49.25,-0.00755668,93.5889,33.42713913184641
4.0,8.0,1993.0,49.25,0.0,93.5917,33.4334234340032
5.0,8.0,1993.0,48.625,-0.0126904,93.5944,33.4397089176088
6.0,8.0,1993.0,47.75,-0.0179949,93.5972,33.44599558288531
9.0,8.0,1993.0,48.75,0.0209424,93.6056,33.4522834300549
10.0,8.0,1993.0,48.5,-0.00512821,93.6083,33.45857245933975
11.0,8.0,1993.0,48.0,-0.0103093,93.6111,33.464862670962106
12.0,8.0,1993.0,47.5,-0.0104167,93.6139,33.47115406514425
13.0,8.0,1993.0,45.75,-0.0326316,93.6167,33.4774466421085
16.0,8.0,1993.0,47.0,0.0273224,93.625,33.48374040207722
17.0,8.0,1993.0,46.5,-0.0106383,93.6278,33.49003534527281
18.0,8.0,1993.0,44.375,-0.0456989,93.6306,33.49633147191772
19.0,8.0,1993.0,45.5,0.0253521,93.6333,33.502628782234446
20.0,8.0,1993.0,44.625,-0.0192308,93.6361,33.50892727644551
23.0,8.0,1993.0,45.125,0.0112045,93.6444,33.51522695477349
24.0,8.0,1993.0,46.75,0.0360111,93.6472,33.52152781744099
25.0,8.0,1993.0,46.75,0.0,93.65,33.52782986467067
26.0,8.0,1993.0,47.625,0.0187166,93.6528,33.53413309668523
27.0,8.0,1993.0,47.125,-0.0104987,93.6556,33.54043751370741
30.0,8.0,1993.0,47.0,-0.00265252,93.6639,33.54674311595999
31.0,8.0,1993.0,46.875,-0.00265957,93.6667,33.553049903665794
1.0,9.0,1993.0,46.625,-0.00533333,93.6667,33.55935787704769
2.0,9.0,1993.0,45.625,-0.0214477,93.6694,33.56566703632858
3.0,9.0,1993.0,45.0,-0.0136986,93.6722,33.57197738173141
7.0,9.0,1993.0,44.75,-0.00555556,93.6833,33.57828891347918
8.0,9.0,1993.0,44.75,0.0,93.6861,33.58460163179491
9.0,9.0,1993.0,46.0,0.027933,93.6889,33.59091553690169
10.0,9.0,1993.0,46.75,0.0163044,93.6917,33.59723062902263
13.0,9.0,1993.0,47.5,0.0160428,93.7,33.60354690838089
14.0,9.0,1993.0,45.75,-0.0368421,93.7028,33.60986437519967
15.0,9.0,1993.0,47.25,0.0327869,93.7056,33.61618302970221
16.0,9.0,1993.0,46.875,-0.00793651,93.7083,33.6225028721118
17.0,9.0,1993.0,45.75,-0.024,93.7111,33.62882390265176
20.0,9.0,1993.0,45.875,0.00273224,93.7194,33.63514612154546
21.0,9.0,1993.0,44.875,-0.0217984,93.7222,33.64146952901631
22.0,9.0,1993.0,45.625,0.0167131,93.725,33.64779412528777
23.0,9.0,1993.0,46.125,0.0109589,93.7278,33.654119910583326
24.0,9.0,1993.0,46.125,0.0,93.7306,33.66044688512652
27.0,9.0,1993.0,45.25,-0.0189702,93.7389,33.666775049140924
28.0,9.0,1993.0,45.0,-0.00552486,93.7417,33.673104402850164
29.0,9.0,1993.0,43.875,-0.025,93.7444,33.679434946477905
30.0,9.0,1993.0,41.75,-0.0484331,93.7472,33.685766680247845
1.0,10.0,1993.0,42.5,0.0179641,93.75,33.692099604383735
4.0,10.0,1993.0,42.875,0.00882353,93.7583,33.69843371910936
5.0,10.0,1993.0,43.0,0.00291545,93.7611,33.704769024648556
6.0,10.0,1993.0,43.0,0.0,93.7639,33.71110552122519
7.0,10.0,1993.0,43.875,0.0203488,93.7667,33.717443209063184
8.0,10.0,1993.0,43.625,-0.00569801,93.7694,33.72378208838649
11.0,10.0,1993.0,43.875,0.00573066,93.7778,33.73012215941911
12.0,10.0,1993.0,43.75,-0.002849,93.7806,33.736463422385086
13.0,10.0,1993.0,43.625,-0.00285714,93.7833,33.742805877508495
14.0,10.0,1993.0,44.75,0.025788,93.7861,33.74914952501347
15.0,10.0,1993.0,44.875,0.0027933,93.7889,33.75549436512418
18.0,10.0,1993.0,46.375,0.0334262,93.7972,33.76184039806483
19.0,10.0,1993.0,45.625,-0.0161725,93.8,33.768187624059664
20.0,10.0,1993.0,45.625,0.0,93.8028,33.774536043332986
21.0,10.0,1993.0,45.25,-0.00821918,93.8056,33.780885656109135
22.0,10.0,1993.0,46.0,0.0165746,93.8083,33.78723646261248
25.0,10.0,1993.0,44.75,-0.0271739,93.8167,33.79358846306746
26.0,10.0,1993.0,45.375,0.0139665,93.8194,33.79994165769852
27.0,10.0,1993.0,46.875,0.0330579,93.8222,33.80629604673017
28.0,10.0,1993.0,49.0,0.0453333,93.825,33.81265163038695
29.0,10.0,1993.0,47.625,-0.0280612,93.8278,33.81900840889347
1.0,11.0,1993.0,48.25,0.0131234,93.8333,33.82536638247434
2.0,11.0,1993.0,49.0,0.015544,93.8361,33.83172555135425
3.0,11.0,1993.0,49.25,0.00510204,93.8389,33.83808591575791
4.0,11.0,1993.0,48.375,-0.0177665,93.8417,33.84444747591007
5.0,11.0,1993.0,47.75,-0.00878553,93.8444,33.85081023203555
8.0,11.0,1993.0,48.625,0.0183246,93.8528,33.857174184359174
9.0,11.0,1993.0,48.625,0.0,93.8556,33.863539333105834
10.0,11.0,1993.0,51.125,0.0514139,93.8583,33.86990567850046
11.0,11.0,1993.0,50.75,-0.00733496,93.8611,33.87627322076802
12.0,11.0,1993.0,51.125,0.00738916,93.8639,33.882641960133526
15.0,11.0,1993.0,51.5,0.00733496,93.8722,33.88901189682203
16.0,11.0,1993.0,52.75,0.0242718,93.875,33.895383031058635
17.0,11.0,1993.0,53.75,0.0189574,93.8778,33.901755363068474
18.0,11.0,1993.0,54.625,0.0162791,93.8806,33.908128893076736
19.0,11.0,1993.0,54.25,-0.00686499,93.8833,33.91450362130864
22.0,11.0,1993.0,52.75,-0.0276498,93.8917,33.92087954798945
23.0,11.0,1993.0,52.75,0.0,93.8944,33.92725667334447
24.0,11.0,1993.0,53.75,0.0189574,93.8972,33.933634997599064
26.0,11.0,1993.0,53.875,0.00232558,93.9028,33.940014520978615
29.0,11.0,1993.0,54.375,0.00928074,93.9111,33.94639524370856
30.0,11.0,1993.0,52.75,-0.0298851,93.9139,33.95277716601438
1.0,12.0,1993.0,53.25,0.00947867,93.9167,33.959160288121595
2.0,12.0,1993.0,53.5,0.00469484,93.9194,33.96554461025576
3.0,12.0,1993.0,55.0,0.0280374,93.9222,33.97193013264249
6.0,12.0,1993.0,54.75,-0.00454545,93.9306,33.97831685550743
7.0,12.0,1993.0,54.5,-0.00456621,93.9333,33.98470477907627
8.0,12.0,1993.0,55.25,0.0137615,93.9361,33.991093903574736
9.0,12.0,1993.0,56.0,0.0135747,93.9389,33.99748422922861
10.0,12.0,1993.0,56.125,0.00223214,93.9417,34.00387575626371
13.0,12.0,1993.0,56.125,0.0,93.95,34.01026848490589
14.0,12.0,1993.0,54.875,-0.0222717,93.9528,34.016662415381056
15.0,12.0,1993.0,54.625,-0.00455581,93.9556,34.02305754791515
16.0,12.0,1993.0,54.75,0.00228833,93.9583,34.02945388273416
17.0,12.0,1993.0,54.75,0.0,93.9611,34.03585142006412
20.0,12.0,1993.0,54.25,-0.00913242,93.9694,34.0422501601311
21.0,12.0,1993.0,54.875,0.0115207,93.9722,34.0486501031612
22.0,12.0,1993.0,55.625,0.0136674,93.975,34.0550512493806
23.0,12.0,1993.0,55.25,-0.00674157,93.9778,34.061453599015486
27.0,12.0,1993.0,56.25,0.0180996,93.9889,34.067857152292106
28.0,12.0,1993.0,56.75,0.00888889,93.9917,34.07426190943674
29.0,12.0,1993.0,56.0,-0.0132159,93.9944,34.08066787067572
30.0,12.0,1993.0,55.625,-0.00669643,93.9972,34.087075036235404
31.0,12.0,1993.0,54.875,-0.0134832,94.0,34.093483406342216
