Normal,RightSkewed,LeftSkewed,HeavyTailed_I,HeavyTailed_II,BiModal
-1.2193742711706288,1.9732615624920837,14.144541553466475,-0.4591736266230628,25.07537371880158,1.1278465318826871
-0.9886528670695922,1.796074767461013,14.321728348497546,-1.4113496213177317,0.3846745510214116,3.3766963284912626
-0.6116835666997497,0.7624824682458452,15.355320647712713,-0.2332667472441353,-0.1944983269259096,2.0417248911720653
-0.6726871806724545,1.2437288165881746,14.874074299370385,-1.3554942429857142,3.118914750843635,2.2772613670910546
0.538023556582609,2.667888936157701,13.449914179800857,0.39060022974092456,-1.932224999706958,4.778961245718105
0.7054061123235885,2.510822713621024,13.606980402337534,1.075064869003921,3.82481703534212,4.985904713983631
0.595143286480528,1.8514611106167769,14.266342005341782,1.0070486095633429,-15.978298103224214,1.9189594593535082
0.056316334059346315,0.7692692002428985,15.34853391571566,0.02214174733172828,0.7012381097131837,3.552565242360246
-0.2080790204414985,2.337930134884866,13.779872981073693,-1.8579122799361587,0.19146321127688043,2.3873322215409614
1.368690626674428,0.9292022962657879,15.188600819692772,1.0167139051854719,-0.1498137744800259,1.9099717465327197
0.033523518665361594,3.2359813689063834,12.881821747052175,0.8707621284205482,-2.370386973623476,3.2248398126336117
-0.4597603963423721,1.8665866876710864,14.251216428287472,-1.3077585491826913,2.6547164573413364,2.2502083716551855
0.02045992916945515,1.2105671687591049,14.907235947199453,-1.1918980441018199,0.7685552981907104,3.7278738416598296
0.7038505218226425,0.820254351133723,15.297548764824835,-0.09404013424177989,0.33677433732564244,3.0571957551224744
1.3243538405805615,1.1024993732598227,15.015303742698736,1.9695408566064194,0.6294149642369572,1.056038736375452
0.04037720625842527,0.261297697094869,15.856505418863689,0.6849179468522126,29.404585523820828,1.410716859828092
-0.9115725222718914,0.9540530442971007,15.163750071661457,-2.174304970169133,-0.4314349204588314,1.5369213993587258
2.04753135770887,0.7987302172079144,15.319072898750644,-2.2495263301831323,0.28476046747889805,1.633769061982205
0.3824260295309973,1.354515212097042,14.763287903861517,-0.3953393925945513,0.018790013285176314,4.492313799271178
0.31390871750752536,3.725059658264224,12.392743457694335,0.5153037612531358,-1.9872173200200638,3.8307859986079573
0.309444905456504,0.7703791338280376,15.347423982130522,-0.277387299607216,-1.050974237922452,4.378828308806949
2.0011909233469307,1.6364451291670967,14.481357986791462,1.1105759282441994,-4.527541597854116,1.5720400840728723
-0.07607375457083701,0.8744264452960739,15.243376670662485,-0.6492137258749405,3.221556438454177,3.0863317961515895
-0.9793951118474341,5.137874669769716,10.979928446188843,0.9443819735056187,-0.3287978269168711,3.485466479432018
-0.40307932516242856,11.928587396855923,4.189215719102636,-0.7717191659338488,0.028117649558960994,3.504077918598277
0.3746294479011386,0.41882344619836687,15.698979669760192,0.664954918935203,0.4271266155185358,3.9712508617983264
-0.5834940669179478,0.3505594775575507,15.767243638401007,0.1969841872020045,-0.28653869397734566,3.0670059061214463
-0.28313619922040356,1.2511063295944844,14.866696786364074,-0.44057727788440426,0.5205927928388989,2.082884811432277
0.40699884489087484,2.114760345663893,14.003042770294666,-2.130878809988506,5.349428966274921,3.1757773457975778
-0.9510656096209591,2.1768795383655646,13.940923577592994,0.4175179182276769,0.07507264342551094,3.724531569356685
-0.6204058100513341,0.5619502767976711,15.555852839160888,-0.5460621209438395,-1.1031553121191247,3.078061901391489
-0.9391716904076638,0.8084175966459233,15.309385519312634,-1.8470709739823516,0.5852369089247342,3.1882800974517416
0.9982922431250442,0.6903769149878375,15.427426200970721,0.04744354591305842,6.723480079855946,2.4475827233588427
-1.6863836060805617,2.869469983513712,13.248333132444847,-0.7146170131950241,8.235811549974754,3.921618089586782
-1.4651107749684893,2.0516465674393305,14.066156548519228,0.636109648417187,1.5536640379554976,1.9836537902993436
-1.947309941031774,0.19569156499378504,15.922111550964773,0.02633418418821648,-1.6666007124224504,2.7040501237301187
0.9899779449030304,2.3023637706623252,13.815439345296234,-0.4626546061934213,5.801787103086103,3.418777636282763
-0.7218777041423509,0.598572953163851,15.519230162794708,-0.4805689678552361,-1.4763029191771195,3.951257585864435
-2.1968926997261455,0.8062282277374403,15.311574888221118,-0.34899301896987134,59.799993305415086,2.633544527276042
-0.08345416559416714,0.31978467100080393,15.798018444957755,-1.5870666520233212,1.1642873045184416,3.16533505929923
0.3125259641493393,3.339244165681502,12.778558950277056,0.059685282112962534,-1.4338931625671638,1.8214784858718078
-1.9655041367489032,1.0397244648490593,15.0780786511095,-0.7704343315082175,-0.3686265640220308,4.523131836309519
-0.30189004901239547,1.910373437416465,14.207429678542093,-0.5827600717756216,0.8888089949378258,5.075199394917379
-0.3286352330706931,0.7647052542006647,15.353097861757893,1.0557585901255764,-1.3762837782288644,3.0863911223192835
1.3252203457701999,0.7136795389742294,15.404123576984329,-0.8601657091464624,-46.26092795780867,1.8744473354303253
-0.42398603810550967,7.853659183395852,8.264143932562707,-0.014460146035516434,-2.3809675485869124,3.883801973410423
1.0638145447680938,0.20048288023022745,15.917320235728331,-0.5047310755101494,-2.384140448635286,3.6700266526245344
-0.02782998220950516,1.2715663003034945,14.846236815655065,-1.6788436773791309,4.286873778479325,4.391682165070369
0.27715586508457474,1.141090475862241,14.976712640096318,-0.9969315255090234,2.1449410292108935,2.6983251728395583
-1.9058286819076147,0.0631400455420928,16.054663070416467,-0.9432234549553351,0.42363510162278784,5.020669558892745
0.12119808584488029,0.2876734528946031,15.830129663063955,-1.4964487134324325,-0.9913762705724589,3.9883829954815266
0.5035502948377917,1.493026280226685,14.624776835731874,0.4389167940628525,-3.028578657974299,4.237860098546029
-1.1094525817586876,0.909238285373055,15.208564830585503,0.646618272167976,-2.3470243761700513,5.252893127573454
0.09003322259775161,2.1065565653401044,14.011246550618454,0.42528467608139897,0.9978992149864745,3.359826874293025
-0.25160963639849987,0.4825298610023367,15.635273254956221,-0.08110052276755272,-2.457960885086288,2.1315161379892595
0.176932518915223,4.188536509999572,11.929266605958986,0.5153969825137198,-1.047110954262423,3.418937626498443
1.6054143611276463,0.18984995360176882,15.92795316235679,0.1929849462053303,1.6375277454993518,2.718337677441661
0.7225849180910147,0.14766062064844387,15.970142495310114,0.11967093069719899,-49.10902631091557,4.4012448813723815
-0.5038916333722632,1.3812668061199984,14.73653630983856,0.037252006003391874,0.6234906729212027,3.03954820914743
-0.8985180657358113,0.39802078055289236,15.719782335405666,-0.2609019377057864,-16.125583593274797,2.4304307261449445
-1.0416568315008772,0.48454763259599165,15.633255483362568,-0.024167673009856387,3.5524704343621982,2.460271282088106
-0.4579842366888763,0.26592774941157155,15.851875366546986,1.015000419860452,0.6353971107018667,0.8155173372675124
1.350168349001227,8.613775112353135,7.504028003605423,-0.46129752121101614,17.617781674105498,2.184825966884525
2.0268254205384237,1.5589191138432417,14.558884002115317,-0.2943096366020168,4.143842706625929,3.3913334542781786
1.5150607457862442,1.051624257309889,15.06617885864867,0.6910812324792591,0.15065226133236215,1.244454694999787
-0.15766823396950858,0.7410761674209608,15.376726948537598,0.17091396995619484,4.7409454624065575,2.9528256091022076
0.12507954573140737,3.4112533452257456,12.706549770732813,-0.27549153676651955,0.9294014171649795,3.101080879104144
1.0970457053048617,0.6134242270668928,15.504378888891665,0.20154356688902314,0.4096745442103572,5.264242914939941
0.6858415273339535,0.3572047488482057,15.760598367110353,-0.8866541740502385,29.38107929397747,3.1904865027328317
-1.6449346464895567,0.17959086306947716,15.938212252889082,-0.27757974811158426,-0.030902246818402736,4.074328247094965
0.13796724016402678,2.7006569834839875,13.41714613247457,-0.9658510501814008,-3.0186811797574253,2.2970340952378123
-0.9954933200532613,0.42100590856050885,15.696797207398049,-1.3698525001122652,4.738182833079888,1.6361618740929955
-1.4521444488493127,1.3719651714875103,14.745837944471049,-0.6933463150607384,-0.7137709848606962,2.8487141425569646
0.4184324970861162,0.6980505617780416,15.419752554180517,-0.16548301453509243,-4.907500443767587,5.148707500430243
-1.15018878820586,1.6049441053936429,14.512859010564917,0.943459062728643,0.07220711833304619,3.306628202101626
1.4980310175890994,1.4145533122721432,14.703249803686415,-0.15730255635249335,0.24444581498542628,1.976906077110531
0.2854144356433807,2.9392060386217547,13.178597077336804,0.35294820892521206,1.4953985031763863,1.9243982440731695
-0.03251377074939739,3.5973427572260377,12.520460358732521,0.21965385446643934,0.6945716650515212,2.657456703496643
0.425554202942637,6.858975042252109,9.25882807370645,0.4969095334490108,0.7097351010581834,3.5824350583136693
0.40670489674390264,0.8238927425900423,15.293910373368517,-0.8832065548656285,-1.9139822160389763,2.501095877582761
-0.7257381250899757,0.626859764270634,15.490943351687925,1.4588439090571927,-0.7260425321309238,3.226001827838078
0.7215735100978559,1.3401573261975719,14.777645789760987,-2.4041135300848095,-1.649481250494529,3.3022275946418462
-1.0091446327068685,1.4272256550571256,14.690577460901434,0.11634033940687602,0.3411302125942675,4.000813650436725
-0.4000455776651522,3.3874965281178904,12.73030658784067,-1.259533783556945,-0.31851286392568734,3.575163280885705
1.4965053420644794,2.272612572110292,13.845190543848267,-1.28107315696156,-2.3165009726834866,3.6018492722471835
-0.09975077336519522,2.210694822814575,13.907108293143985,-0.7985416054002503,1.2401432864699986,3.4617499841221386
-1.7412705927844006,5.7641386096807805,10.353664506277777,2.3155197070423723,2.1957114574189505,3.681140619786861
0.3714095829402664,1.0906383334663714,15.027164782492187,-0.3376894208360378,-2.8476999185101,4.140464050233706
-0.0810119745214021,6.144322235246987,9.973480880711572,-0.47126642649776257,0.010166760148481963,3.806414830043082
0.7395385370614034,2.6458968348120315,13.471906281146527,1.8576219376540224,0.26427351712909414,0.0712644132967446
-0.6854112145929395,0.7676797014202135,15.350123414538345,-0.6471371066495595,1.0493718842462225,2.1871816576668754
0.31574946630974593,0.823787817326172,15.294015298632386,0.10965207567144465,0.10278248674705713,4.217665024413375
-1.1377841630492955,1.7410403406816763,14.376762775276882,0.7530442883900739,1.4023473574234826,3.1262060457007097
-0.31391116755405474,0.08194084162829009,16.035862274330267,-0.37470809765631474,0.9803811911175512,2.355300642633913
0.28416612831205224,0.33519955846821775,15.78260355749034,-0.4213248005427879,-3.074463142677581,3.3963207853047988
-0.6449058058821289,0.3142609371975114,15.803542178761047,-1.216461392535572,-1.1411098043167411,2.131976318524836
0.059582554317245434,1.603631961723782,14.514171154234777,-1.0552282012723386,5.935642592032396,2.8247051663320835
0.40453734891791776,0.7783619634969969,15.339441152461562,-0.45406135383303264,1.251149673881789,2.592937502842715
-0.0532590551573988,0.9816492080273093,15.136153907931249,1.3297242196027812,1.3680467601725403,2.407894373290756
-0.5113181903049483,0.3132806031692537,15.804522512789305,-0.29019648804833365,0.6136602753693776,2.5812949273522863
-1.668465986692939,5.818166254366212,10.299636861592347,0.01150426704770714,-0.9559270570799562,3.653398151868609
-0.8269462575644366,8.586483671664066,7.531319444294493,-0.013322360083873847,12.378398146046088,3.2794129595495978
0.21200309402126016,0.19129452337754782,15.92650859258101,-0.3202815610590926,77.17492325495932,2.8642559873802957
-1.1073591782906071,2.028782540968871,14.089020574989688,1.3715708421994726,3.415127458682137,1.8391964011391009
-1.4343956442133796,2.8516632544013416,13.266139861557217,-1.9687704684975422,0.41174406213847947,2.8466541979516515
-0.40698596438479917,0.3147210442707162,15.803082071687843,0.8502146264914742,-0.6674123637816007,3.1403244077310593
0.6978260019802788,2.381741145862992,13.736061970095566,-0.5948559802009512,5.592551480213346,2.8197319001462433
0.6278281142992713,1.264536100957772,14.853267015000787,-0.9141313948743479,0.476343493514828,3.3633045728847
-0.9708255610510459,16.11780311595856,0.0,-0.5924015688987372,-0.3890356266762359,2.7415407922401616
-0.5532927235270788,1.6771104459817818,14.440692669976777,1.2658550585972652,-0.31718674911583283,2.8713687575776774
1.1754610152775355,1.2112178730070993,14.90658524295146,0.20734912210405537,-0.49527337064615434,2.8031033267198495
-0.3907906233082608,0.8867568044504885,15.23104631150807,-0.1515558074510592,2.19359744791121,2.9464280659445135
1.992402384747033,2.6568202368341494,13.460982879124408,-0.04896727233846507,-0.5877995975829364,2.6620955640979562
1.272225662385112,0.9936261447475622,15.124176971210996,1.0819993321143733,0.25589920457557996,4.177251113369876
0.39543118346978795,0.17937690210848553,15.938426213850073,-0.8565564189474493,0.08346517774997829,3.103420707389555
-1.3921953580811735,0.8091748631556329,15.308628252802926,-0.501372600895073,-0.5355393154107085,4.656294035504338
1.2709995698956849,0.7772146321206427,15.340588483837916,-0.7220377574879574,0.18077717810788105,3.536730846909593
1.2218246553688896,1.9794899073929733,14.138313208565584,-0.2527151555980118,1.733610260453679,4.229811089893284
-0.6966164788389683,1.609914750127983,14.507888365830576,-0.4941779884377397,-0.4876721977511906,1.871774135614657
1.9790696380372976,8.097985893009843,8.019817222948715,0.7356573622018348,0.937635245536197,4.248149695503744
-1.936095240536814,3.191743054626482,12.926060061332077,-0.11122998143559455,-0.37930053490505805,3.435085605614703
-0.5579562840700595,1.0005313816484325,15.117271734310126,0.21850435543088578,0.5003726912110541,5.378702648947659
-0.5360644564855134,1.6678239465441915,14.449979169414368,2.0360782022417436,21.79286202959668,3.343755131647352
-1.8109239873812073,2.4407102622077748,13.677092853750784,-0.6097515681499444,3.420976872659089,3.7982752785773117
-0.1672452502962098,0.31406483338990304,15.803738282568656,0.47798819395712633,2.7306428918066783,3.0020559470267765
-1.530539213843686,1.673040466695582,14.444762649262977,0.20538600965327755,-2.1410578060433183,1.8785744555847312
0.12467104076425539,2.178045169106477,13.939757946852081,0.8625513782655886,-0.5937046540557122,2.9138054493634704
0.8575681813241978,0.28378067044447386,15.834022445514085,-1.186621610546232,-0.6746021451139795,2.330263426429647
-0.5558221723032841,0.4840655953680847,15.633737520590474,1.683762258383971,-0.046620872548492,2.219635953669787
0.3035322294314987,2.4171747308685094,13.700628385090049,0.9941276286065827,0.8906055673704135,2.589857096816762
-1.8444732989991315,0.9453872206124783,15.17241589534608,1.018468409973938,-3.4360696033832925,3.418572519070001
-0.9306528350863491,4.69900315267449,11.41879996328407,-0.7981941179072757,-0.09081903487040562,2.4624446738618815
-2.1403099994060915,3.697635823474263,12.420167292484296,0.6308208153961803,3.774174269437041,1.7625925867981282
0.02349174151371424,0.10989546184322946,16.00790765411533,3.0112605709364804,-2.1717321325879793,3.0551365856942083
0.7123864930985089,0.994340437993265,15.123462677965293,0.41682476107424715,2.597677844493173,2.8149044308239723
0.11720998475350408,2.1391614124268665,13.978641703531693,-0.7250721999030838,2.087689266206128,3.454310819714615
0.19077268273066897,1.0463746673124437,15.071428448646115,-0.6119510718089118,2.6914491584467894,5.00989612072804
-1.1128486475312112,1.7688183785197715,14.348984737438787,-0.886178029168597,1.0268666716300292,3.7382300868569516
0.04007507174822863,0.4737692701900737,15.644033845768485,-0.9276359872679253,6.735887164955128,2.8690783360078953
-0.110245531757668,1.8462980336018062,14.271505082356752,0.4177091881486896,-0.2748360800042291,1.903851117637655
0.18633752367862863,0.790196141379845,15.327606974578714,0.4161455190275389,59.190956812486775,2.3555496413363617
0.5149530024951413,4.545414976117854,11.572388139840704,1.8689827457801316,1.1413641913031165,2.600931550889383
-0.1677482961118497,0.5553841012784668,15.562419014680092,1.5139822440175246,1.0737272818180672,2.2292732394925205
-1.1317852058567277,2.370233908184042,13.747569207774516,-1.438365992661877,0.4852745819714833,2.922300579403955
1.447618377877872,2.3624167067408446,13.755386409217714,0.48850223513679497,-1.0994513340556382,2.3381721217584364
-0.18395226581688454,1.003025417437955,15.114777698520603,0.3439888405320693,-1.1603052527397264,2.9236930259394827
1.7325396197525096,1.4919662846294088,14.62583683132915,0.09951246789149103,2.0671875738002172,2.144236057503087
0.5554421341686622,0.764690262456989,15.35311285350157,0.5145553104246362,-3.825499166669268,3.2025396622883444
0.2917329854889114,0.41096567154467933,15.70683744441388,-0.4157606573904692,1.2884477995463648,3.5933732224628416
-0.15205417541370256,0.8319467799961658,15.285856335962393,1.308903077033597,-1.5873308719323977,2.1316243091372096
0.8914221173837472,2.236480576280497,13.881322539678061,-1.6922096672402869,0.8135834644519498,2.1269200427232366
1.509617094028935,1.7941449339623563,14.323658181996203,0.44678390058087175,5.4236442702083165,2.7837232308709092
0.7613878593633856,0.3527272385341241,15.765075877424435,0.4987517343332459,-0.13237367348185997,2.0157152200416832
0.7060498342916597,0.9663160099647359,15.151487105993823,-1.454716075392461,0.5117038830269947,3.01270711450907
-0.5641614233118568,3.5129532740075162,12.604849841951042,-0.04152867870831442,1.6541636019014065,3.075909997242776
-0.1569412771141313,0.7680891019655836,15.349714013992974,1.452663013299771,0.4375773603699448,2.566471233559723
1.1381893271939663,1.4070118964386422,14.710791219519916,-0.094628052650517,-0.2531706312639394,3.3944567602874383
1.629745731454346,0.8441354550831426,15.273667660875416,-0.4975079274151793,2.272719111572073,2.426941026774662
-0.149095020045001,1.7785433028156887,14.33925981314287,-1.3591229633200055,-1.8692808910397545,2.8266438876251763
0.6268774574811942,0.8055702568560537,15.312232859102505,-1.976185955043455,-9.781082911302628,2.9294046724997154
0.287663004080464,0.9654011260363865,15.152401989922172,0.041624769198770624,-6.012966815634493,3.4471949494942398
1.0262189012249219,6.4358731109003555,9.681930005058202,-0.18169246578011047,1.117391839326091,3.5613373559168244
-0.028794980949933473,1.1875519168748594,14.930251199083699,-0.06654200096604364,-0.3350994590267699,2.3489669061045175
2.2705476856971303,1.0042897078562578,15.113513408102301,0.8112059338153246,-10.824005785034972,1.7589869473690871
-1.4187226796221162,0.17638047950705515,15.941422636451504,0.6240447086445808,-2.1694150260016603,3.103277860764792
-1.115857359281661,1.2684024530383347,14.849400662920225,-0.7898683974145081,0.397779414191922,2.435785914298132
0.03432567859714175,0.7174254496953072,15.400377666263251,0.7432292303737864,0.19687095870266508,3.3418927710574953
0.12397329657428212,0.0921347258955849,16.025668390062975,1.362005707113983,-0.432384962919455,1.8096790839876846
1.2993237107071531,11.971106001193109,4.14669711476545,0.07927618369354633,2.9735514724330425,3.828042867505598
0.8854447753244726,1.913988199461377,14.203814916497182,-0.9008702973095868,-1.6463977451501746,1.3702280521060781
1.4838144164928497,1.8058801565303741,14.311922959428184,-1.0562138603188953,0.31861694162967735,3.410735807657987
-0.1790702388291551,1.5596657705936243,14.558137345364933,-0.6418842804178019,0.11452414559201572,2.8968514820652937
1.0322143331127975,0.6625448766309702,15.455258239327588,-0.7250458163916864,-1.6349915070857415,2.7442351108662004
0.6406001205694958,1.409858336107727,14.707944779850832,-0.740234110062993,0.02739455444414043,3.493490010534142
0.3677391108998321,0.9576761267109289,15.16012698924763,0.210000745983979,-0.8290616784261705,4.338307615385958
-0.4398285788330524,0.9685679441999789,15.14923517175858,-1.06031263895565,-0.17737506790657567,2.4265817192070624
-0.6687008208263795,0.6008367503770428,15.516966365581515,-0.7838085782351286,3.8344466182192787,3.1199994953908265
-0.04388868558764628,0.3481419635283239,15.769661152430235,1.0082035506032925,0.5894226061172716,3.701761105607868
-2.2128882221542985,0.34713746773630266,15.770665648222256,-0.19585244296305596,2.878578055627395,1.5073257928327828
-1.033569102914167,1.1782115391630998,14.93959157679546,-1.8241443930776178,0.8739715686869399,2.5681536466748405
-0.4588630387380473,2.020021481801333,14.097781634157226,-0.8471274483913805,-0.252215149020097,4.925010461412529
0.8482230338502919,0.9292070582122144,15.188596057746345,-1.9992086778725036,-0.9839159576170999,2.975335068254686
0.8669561783061038,0.8405411076223789,15.27726200833618,0.28935564537967107,-2.624347254199639,3.941116517988124
-0.7943985125663493,0.6540935569774582,15.463709558981101,0.30179525680852987,32.392136924302804,1.857542297385903
-1.7449690371399789,0.09675222370955157,16.021050892249008,0.6437938541078447,-2.773435047903227,2.7133767788398337
0.20204775279532497,3.5735791202247915,12.544223995733766,-0.2419097505371091,-0.03699475873539153,3.657027005694431
-1.4154109976549776,2.722657687522284,13.395145428436274,1.1312304713162025,2.0373608594114683,1.9847359581719533
0.1290669666593491,0.4939381781189476,15.623864937839611,0.03870017970184304,-2.439119475163138,2.5593541446399124
0.29761103015651885,4.979444696939482,11.138358419019077,0.9090295711038362,-2.1230357229882224,4.34550225411141
-0.8050864845075918,0.4429509232770957,15.674852192681463,3.1015173946001724,-0.277547235845373,1.5580735846074936
1.4785364901381388,0.6755219774573052,15.442281138501253,-2.617682535633973,9.549818680983147,3.228297399429632
1.0770321748785976,1.2587408398067401,14.859062276151818,1.1240131187833315,-2.723935288200508,3.4285110411594335
-0.2711261861655578,2.4433175870167316,13.674485528941826,-2.169539111091278,-2.783757265345037,3.468281416297538
0.37722745030687344,2.5883642098748045,13.529438906083755,0.9361876803575739,-1.1992721123223145,3.1821038945408646
0.702195830183377,1.1151055890548294,15.002697526903729,-1.439095967763808,0.9411974792804938,1.1349074593888377
-0.1381763126896926,0.5413680186365774,15.576435097321982,-1.7416985204479696,-0.41241996554545496,3.198958545528879
3.340644453370254,1.4227318769623862,14.695071238996173,-1.085219885443753,-4.745886183090018,2.28852246604746
-0.4619126936644649,1.9814775085821117,14.136325607376447,0.07506511275921814,-1.3291012830665974,2.0381726320681866
0.0258332198563876,3.140116547698061,12.977686568260498,-2.0811911525789624,0.27204408915959144,2.09970597540111
-1.8882864985234067,3.956879890278199,12.16092322568036,-0.28275959436000947,20.18225684844639,2.544294226139943
-0.038738350236671236,1.0482143981747085,15.06958871778385,1.7596644761278453,1.2101057569880278,7.094393445908486
-0.2705632908730388,0.30176418069109007,15.816038935267468,-2.941462443418795,-1.2737219580500887,9.14519378875631
1.0087487449570478,1.1020385672567599,15.0157645487018,0.5246171065243239,1.8128851659465066,6.9074259664758
1.3541875200661513,0.3281101236829471,15.789692992275612,-2.368738132158287,-0.39789744662337556,9.332914881300528
-1.2274610727083166,0.8344476588070687,15.28335545715149,1.4725186205838332,-0.04704186726468528,7.022129071537903
0.38987429124946665,0.17711778860515173,15.940685327353407,0.0946141095321519,0.805390955384297,10.80437500830567
1.0442715528494542,0.27819861994632233,15.839604496012237,-0.45011738292073666,-20.716893474705458,7.774515836127578
-1.0829389525732833,1.0260890838109713,15.091714032147587,1.2593887021661472,-0.7245777355711892,8.011478976821113
-0.22250690609313434,0.22648287135420644,15.891320244604351,0.1619255845344538,2.3885883544777724,7.73893501800235
-0.2867369553562258,0.8707540438679199,15.247049072090638,-1.6742289441818168,-0.34269335705721216,7.687649549836468
-0.5995514956577475,1.3562662760587043,14.761536839899854,-1.3286268388143885,4.277349000855827,8.385307201406272
-0.28563450684066394,0.8021219975533632,15.315681118405195,0.31578890154942374,17.37444816716775,8.601543548378643
0.44214339151520077,3.5706546257305547,12.547148490228004,-1.3489383686007537,0.8245819372078588,6.333042748838301
0.38791270741410083,2.5202195498368636,13.597583566121695,0.003818000569872166,0.7259562211240111,8.311010625253548
1.0311108986606157,0.5558397325785177,15.561963383380041,-1.7163171992290753,0.044333188115065356,6.369984498757643
0.6342687569957653,0.3102146258292602,15.807588490129298,0.12055758666907333,-2.1377586873303955,7.767709964698737
0.9613102262766976,1.2083439167998713,14.909459199158688,2.9624515801531044,0.7904954299804542,6.715351653114882
0.6028578173439124,1.6033458374680447,14.514457278490514,-2.7886045419262873,-1.0906831949165596,7.7695641802761894
-2.0845675319007193,0.17203001113705813,15.9457731048215,-3.1274858806498114,-2.2638708456137397,8.636695121557427
-0.2713419469198501,3.721671401000348,12.39613171495821,-2.313896518579618,-0.5776891021016997,8.453131536557729
-0.006636576115986939,1.107866215149101,15.009936900809457,0.44357448155413276,0.45059180060383747,8.456007151850391
-0.33036870898702253,1.4909378179213848,14.626865298037174,-0.20357090405068168,-0.22059326252876565,7.2644972163583
0.7434488189392499,2.6551023118211536,13.462700804137405,-0.43808328050847173,-0.21864040414119204,7.7580690635647
0.7024561094442225,0.2987307819454435,15.819072334013114,-1.7498600765965737,0.555218849982227,8.644601673794984
-1.6496810770209263,0.9704516709956177,15.147351444962942,0.37463906287684595,-0.11632610729934523,6.621091599301243
1.0755260343674624,3.429715329389973,12.688087786568586,0.11564103549175707,1.9454443332079832,6.967733323075319
-1.4660462476423124,5.4103353938572045,10.707467722101354,-1.8597929584039192,2.1567551529021265,6.819661976353417
-1.4420689968915668,1.467676760327738,14.650126355630821,5.242460957085003,-0.210645379455041,7.090402712676478
-0.32768242513954216,0.7539865463321347,15.363816569626424,0.9372105233037933,-2.0103999973991353,7.767636767702994
0.6652938277814463,4.783426708416819,11.33437640754174,1.708328646837058,-0.293364623159656,8.234580852690623
-0.1995122371787993,5.0963367712852765,11.021466344673282,-1.269844490442756,0.7823715012338465,7.588173341339853
0.2788623896747831,0.24466383905054873,15.87313927690801,-0.34308476286428474,0.45299969920061234,7.814221202852528
1.1399069541691191,0.4331105066629727,15.684692609295587,-1.7861871985249698,-10.522216929373824,10.330652912622428
-0.15321912850028205,0.8690547326783706,15.248748383280187,-1.7125255292241723,-0.5424284770499629,8.03816847621945
-0.025654010689911314,3.701847098472551,12.415956017486007,-1.8425506258435778,1.8511720884614808,6.660285288435795
0.561741791019669,2.246746927903073,13.871056188055485,-0.8416501355001136,-0.018967507420595334,7.1051234063617
-1.603643494959563,0.1504009544595891,15.967402161498969,-1.7744865457766272,19.370415426092155,8.309541386821973
-0.9598280680007877,1.2034366794167581,14.914366436541801,-2.407434179073525,-2.940001530107238,7.266651692822823
-1.13262208269584,0.49636912969922387,15.621433986259335,0.7168277094616567,0.5541414100758084,7.115781460982602
-0.20948578853427635,0.6986912779458617,15.419111838012697,-0.7775022802513117,1.0402374708150883,8.311002104723363
1.653203496756116,0.25597635218506815,15.861826763773491,0.8921748898938475,1.42592772180695,8.704376260657853
0.002902709079085952,0.6227419117162325,15.495061204242326,-0.7380932627728634,12.289956903966168,7.8160254228451596
0.0073279113694615355,0.4784346625065619,15.639368453451997,0.5094705664932934,1.393463553354184,6.587762369905792
-1.0878783003044135,0.694457383695258,15.4233457322633,2.9522659362147534,0.6350625085426386,8.364827362770702
0.22602496547333265,0.46372580994459506,15.654077306013964,2.8988905166814893,0.30042217567125656,7.922555448899825
0.7059508261607829,0.7598778822031633,15.357925233755395,1.4008055973939657,-2.768490648931648,6.812366464952605
0.5264779441601559,0.251623070633185,15.866180045325374,-3.501251335150885,-2.2298829466983654,7.967804040577555
1.1834406419099481,3.5926694051266677,12.525133710831891,-1.8254947544914317,-0.1778064394045218,9.138906867411901
-0.4461346764676242,3.6058414316370895,12.51196168432147,2.2856640432667907,0.017684950984333266,6.42488851403552
1.3553024182301112,6.158153880523234,9.959649235435325,3.303558551569397,0.4655160650229525,8.213733352939903
-0.20629154363828014,0.37238001948795896,15.7454230964706,-0.49832704581210696,-0.07765746667835423,9.174094500776988
1.3294467859199823,0.30097028842413803,15.816832827534421,-0.07047997137997124,0.5848612499530511,7.945582707071448
-1.2122200040342634,3.3912796149050832,12.726523501053475,-1.3845710350367586,9.021777801210765,7.247748046319342
-0.04963971532697582,1.821599968684426,14.296203147274133,-1.219322721647319,-1.1597688984618477,7.888735641251995
-0.9399816938254937,1.0884711886732426,15.029331927285316,1.3852190686583314,-0.7239368846345823,7.213655635388573
-0.4193115708951884,4.795171658814041,11.322631457144517,-0.5400065699026773,0.468474478401295,6.942411005398947
-0.8605154743792358,1.1173682205430087,15.00043489541555,0.7707323644651061,0.2236569472798007,6.497199747800256
-0.6123258395070647,1.0467365761860201,15.071066539772538,-0.9700679923065306,0.07335074041292575,8.88812218807063
0.319082765096547,0.4502129804366499,15.667590135521909,-3.1846088447202483,1.2255886191707066,7.4086744728553064
-0.9482690115987649,3.3782291019467614,12.739574014011797,1.2729683479661504,-0.063724835851648,8.549061855994376
2.419802553683495,1.9912591166902602,14.126543999268298,1.9028120978112606,-0.04132523253572808,6.3573745108244495
-0.2581663222961321,0.5846423794095909,15.533160736548968,3.177281599086209,-0.5698053032626544,7.708328498424506
-0.8577467610114851,3.9803374701489873,12.137465645809572,-3.5046249974066876,-0.3525132108413679,8.999559809160631
1.549487882990413,5.11578387304314,11.002019242915418,-0.3634421777521026,-0.7003942693974327,9.128017384272605
1.4757759589783608,0.5115019204813136,15.606301195477245,2.5679703904418267,-0.6088095494400209,10.004308848033142
-0.996814037095243,1.0663792523276678,15.051423863630891,0.7811628900959889,-0.5828388412111734,8.884024283046584
-1.1175040363420432,0.2988349292453843,15.818968186713175,1.730000012047579,0.40095430329569526,7.179955155371486
-0.15579637714433467,2.027434625129925,14.090368490828634,2.246461635221964,-0.07868556863021765,7.256868023338192
-0.22416609132984874,3.771423034848611,12.346380081109947,-1.1230398060175781,-0.3783521323170645,7.0505516490504645
0.4061943340995147,1.5537331738086366,14.564069942149922,5.586327317203646,0.13522138083074625,9.033497984961656
0.7743509615537586,1.196204078510833,14.921599037447725,1.641855747039669,-0.6816972747950963,6.351520072331386
1.141458211224053,3.104616564957668,13.01318655100089,0.8574006926107228,2.2045209850827954,6.370162319754731
-0.04692061267182752,4.006234812377442,12.111568303581116,0.7549465880427428,6.6743335883495245,9.836185526374146
0.2429902454544205,0.9194192249760249,15.198383890982534,-0.5545532599370933,-7.359654874596013,8.085681057249404
0.49464957734093823,0.8331104327043761,15.284692683254182,-0.766686262393193,-8.559312404513701,8.47327686137781
-0.14977603356996794,0.38918909630336235,15.728614019655197,1.9650819065004796,-0.5490694919561049,7.5337728113541225
-0.19205276442240282,0.29636064233887766,15.821442473619681,0.9082721969369728,-1.4386234405657796,9.403726902526547
-0.08266141491831094,0.21503000497996186,15.902773110978597,1.2098372587970943,7.174654570106545,8.35645124817302
0.5129018018557753,11.69628645652496,4.421516659433598,-0.946411099853721,-24.68085519488606,8.053470477993981
-0.08519490458012711,1.0667570376959084,15.051046078262651,4.862365889128407,0.9577193977106074,6.344696348363706
0.7833367913269643,2.569548178003608,13.548254937954951,-1.499419510578901,-0.586575726883179,9.680145343858293
-0.6212047389193703,1.320228416876862,14.797574699081697,0.6635202789948074,-5.13823551664321,8.257580935549125
1.5679494097050226,2.2303174409047655,13.887485675053792,-0.4243655509826096,-1.2749249817888446,9.959990393921501
1.2257145602680772,0.18743352499214086,15.930369590966418,-1.0562310064819618,3.974676193530472,7.726047556915928
-1.8691269771276435,2.417461023696304,13.700342092262254,-0.45688398190466784,-5.469197445213858,6.904626296024721
3.215025167855239,0.7204539314188557,15.397349184539703,-1.1408107968146206,-0.45295374033740515,7.644820994301115
0.2538141616058459,3.498902633930307,12.618900482028252,-1.1860768917964484,-1.4561318319547045,9.165435282091739
1.2034810130986604,8.300173878849636,7.817629237108923,0.20747570997901496,0.976161675423305,8.828426179519841
-1.4412091139962377,1.9516469689650295,14.16615614699353,0.5517989713773453,-0.0105830322594435,7.298657592619522
0.68519379169196,0.6449123781298004,15.472890737828758,-1.546239048493928,-0.7769258761087354,6.079695645946041
0.9909695484407588,0.7915225309798519,15.326280584978706,-3.2540335010903285,-1.2299024282498094,7.734019604971087
0.8537158533968515,1.2688151557269307,14.848987960231629,2.4558092109479097,3.6980074667900373,7.345822800395634
-0.8858400327891787,0.2561676819452535,15.861635434013305,-1.8604953505942654,0.32409849650338757,10.134607335884759
0.9995853215454447,0.24769737837187017,15.87010573758669,2.973406606277776,7.3993523465240365,8.522762103853516
0.15316042647088493,1.1932613050554954,14.924541810903063,-0.5795039829217903,0.4291976692272045,7.055999530430108
0.6057955393139864,0.7921376311964302,15.325665484762128,-0.09760285280606036,0.16225356587190937,8.584378057652579
0.07331328657370603,0.4287968066049238,15.689006309353635,-2.1735726080036546,-15.19383370442261,6.285292902889621
0.531464985368475,7.740314405150323,8.377488710808237,0.16904804312643334,-1.9021728468440278,6.863405714250434
-1.0958835265881242,0.3778728716586526,15.739930244299906,3.6124653259812365,-0.5266935960388063,6.511763815275639
0.4403816627605794,0.5705184821963111,15.547284633762247,1.8838365054497204,1.6160723449770198,6.703829185983268
1.6575058262130944,0.7267100796796646,15.391093036278894,-4.511410791431775,1.3896287521692214,7.849913214959171
-0.32253311241870586,0.08258578095076023,16.035217335007797,-2.841518116457756,2.2415820972915435,8.203737296927136
1.2221450541789098,2.4399855713557805,13.677817544602778,0.9792942655291389,0.948873397954159,7.422103246681614
-0.1547348839039377,0.44365447619658993,15.674148639761968,-2.948107941303269,0.9822324848093362,7.805577613664021
-0.8983846141324666,2.9164317471945327,13.201371368764026,1.6094634511798511,0.5055615684967935,5.813530888771642
-1.7734968533335331,0.8570731826417979,15.26072993331676,2.184205287287469,0.7726637253210062,7.646452190795545
0.1406327555254613,0.11267174750868598,16.005131368449874,2.776243878191292,-4.106858546796058,6.621799806454412
-0.16349556266044973,1.569846192611339,14.54795692334722,1.3477847561640262,0.27823178184165154,6.813186746028023
1.9102351917650349,2.596027830832937,13.52177528512562,-2.230297070470589,-0.054540060789570084,9.239939860984183
0.14886941639265527,2.5859329748076,13.531870141150959,-1.6048791507385256,4.933449809493378,7.4146350868985635
-0.6358686431790498,1.1426374988066834,14.975165617151875,-0.438055418813589,7.6181423716676475,7.620448382403871
0.8715306551741837,0.5885964328623786,15.52920668309618,1.2245615089200472,-2.4387846349268796,7.673639085263882
1.3860070605633528,1.6989113237332973,14.418891792225262,-3.36197415610291,1.5535932227913039,7.8585976604645795
-0.5796922467090164,2.6231855600458904,13.494617555912669,5.794152760498695,0.1394554956753106,7.2671189201712565
-0.12019622633387143,2.2589260028598694,13.85887711309869,0.6159834931213896,1.1429896009045717,8.452479013805183
0.08163902600848182,2.555176665191526,13.562626450767032,-2.791857635214709,-2.543375992390361,8.33088157884226
-0.423207438708168,0.5869053377010375,15.530897778257522,-0.7504579662890843,-1.1684701794579473,9.80263259167933
1.428200910871287,0.4929129111958438,15.624890204762714,3.0042651080775054,0.8205905438300293,9.13224783723118
-1.4056054280956027,0.8888961833282183,15.228906932630341,3.2262772207504837,-3.149873032914928,6.781778101787964
-0.5357212735460792,0.9198696790828332,15.197933436875726,-1.3701801948539265,-0.32328626543088745,7.360178142056615
0.3948957082215503,0.5696417337187006,15.548161382239858,-0.728001633037218,1.3317121280701965,9.264948012309093
0.15339951846176988,2.5426292330171685,13.57517388294139,-0.8860959365527359,-1.7987624341065958,7.908618485523943
0.8001039321781893,0.7438469375869033,15.373956178371655,-2.1504352944606713,-0.11803730429632846,9.187453053172387
-0.2329607245783927,1.288327222381054,14.829475893577504,-1.7794753146956752,0.6244323320805595,7.827876733822687
1.8554215860447885,0.8326938794590498,15.285109236499508,-4.211991293637067,-2.173501831392956,7.897399989062197
0.17450844770912596,1.1642186100098326,14.953584505948726,-0.498706680082772,-1.9193375297928144,7.304653458362166
-1.0799762797133563,1.8513063705179482,14.26649674544061,-1.1769926085218017,-22.322015202527556,7.800759043550056
0.6478360716144705,1.9821115802715576,14.135691535687002,-2.4604037005599704,0.3416470823170638,8.90564426388683
0.7683135978057394,1.6676234401915346,14.450179675767025,-3.274666009751789,1.4671682525005587,6.0126147601832285
1.1195041707443418,6.050273563391378,10.06752955256718,4.03751688760083,-0.7722533009756999,8.720503780666778
-1.9482484603966241,1.4690756768221496,14.648727439136408,-1.002637118514587,-7.306383936074556,6.710704235560009
1.8172046477761998,0.7129118530722494,15.40489126288631,-3.6216523207687183,-0.14643845176665157,7.673219925758875
0.4604747003223272,1.9775469901112501,14.140256125847309,3.104158601354849,-0.2261837564901572,8.832026053027336
-0.2612193711984201,3.155509307773426,12.962293808185132,-0.24729881056739023,0.38389781010498264,7.490432587898791
-0.10570508899101162,0.9473216513917037,15.170481464566855,-0.3264044249132697,-0.22111838621704322,7.972072640582351
0.12829435691656776,1.1649371828824164,14.952865933076142,1.2963695158521944,-12.975111460509027,8.070843303952978
-0.34322027883684,0.2698529702805212,15.847950145678038,2.1910186310381277,-12.438945501532974,8.247875613265244
1.5176631446422688,0.8910854839686014,15.226717631989958,-1.6632432724698367,-1.8013909430858093,9.458226873821708
0.3698139652633694,0.6998209671190488,15.41798214883951,0.18232023099289027,0.3893660067908497,7.254275556369817
2.085903206225564,0.6021933563328126,15.515609759625747,0.9658109688382407,-0.7016377546401595,7.6181697041812475
0.4828084805677084,1.6738928447957633,14.443910271162796,0.47272192130749274,15.102215572061935,9.266303029418298
0.5373677046467034,1.0717345819136792,15.04606853404488,2.5535120496569568,-0.05094003983695299,7.408745104001572
0.1000056582286211,0.1786688396239056,15.939134276334652,-0.3441555323564974,1.0237322864172786,6.868420524725642
-0.37984347229321797,1.9190348371416175,14.19876827881694,-0.6138739917713713,-5.41456211522093,8.053773116473966
-0.44088011477826466,0.24490938370395787,15.872893732254601,0.6504671963338631,4.5768770877365,7.149982683440175
0.6851266711622331,3.8729403447304143,12.244862771228144,3.0775570143375086,1.3517563964554689,5.283291368858456
-0.3801143082891405,0.47209378209952635,15.645709333859033,0.23111808938601275,0.731900418726877,8.736299443300885
0.718304458877959,0.30913651122173363,15.808666604736825,-1.2186799201177152,-0.7635215212220516,9.72360300097528
0.6914800426130948,0.8639058975899707,15.253897218368587,0.8985100429201336,1.3257154187288211,6.258823780464205
1.0562865365795262,2.057522478803462,14.060280637155097,0.3577421571467478,0.6532714260293279,8.545696606468201
-0.1605937529117377,0.41793992124206714,15.699863194716492,0.418048583106759,-0.16702974810877924,6.83032831056491
-0.9192862666203915,1.3705408289151808,14.747262287043378,-0.48514273156861026,-0.462476461481132,5.54325103387838
0.41571691715197456,1.0773090328723793,15.040494083086179,-1.97734396826813,0.6096612759563916,8.016942419919296
1.4441911505674716,0.3825206801821817,15.735282435776377,0.3654372268878878,0.14196516770900092,8.900922624813461
0.37050273839559683,0.39061311722020425,15.727189998738355,2.767823258445807,-0.28198094069027085,7.878858536482058
0.5638315180504776,2.3994206497176784,13.71838246624088,0.10240914515509177,-0.7774530600797712,8.147723093572914
0.3223837213256005,1.260808288336311,14.856994827622248,-4.544837518897881,0.5875215873031865,8.173514228877261
-1.121630143077301,1.9788128120227686,14.13899030393579,1.6567533170059694,3.984154330187458,7.993688408881386
1.4634141002327523,0.854866934546196,15.262936181412362,-0.9927035081728806,0.059167868117130255,6.998425885986004
1.1122178656907875,0.22610156374823767,15.891701552210321,5.755061462729113,-0.9715117547084026,7.973998378425446
-1.5622714094241146,0.3295637336635647,15.788239382294995,-0.2783689661265962,0.35222117001904546,7.057292208808042
-0.14351164765189744,1.0034121582654767,15.114390957693082,0.9792652045856547,0.2826946533675408,8.569264300128744
0.8719243251757982,0.1478921278059149,15.969910988152643,0.9371412663436166,-0.2783883768133093,7.219941407068124
0.17491185958792216,0.49483906853841625,15.622964047420142,2.872959256101513,5.14927284565979,8.898137588444175
-0.3312015953857911,0.6252138365719561,15.492589279386603,-1.9696732056754958,0.18289670715492476,7.2923393797874265
0.8126299806432544,0.1350940298022472,15.982709086156312,-0.9294304152860511,4.218861253419378,7.616985437340778
-2.1017676649015686,1.0258677662413926,15.091935349717167,1.5818059098797892,-0.9437642414650877,8.0707760456939
0.24098366391304285,0.5483469901215667,15.569456125836991,-0.7560274701361209,-1.2344521979064327,7.257341735710184
0.6676607797223777,1.063853067251324,15.053950048707234,0.772826101424537,-0.972515422039794,8.685073236279749
-0.06856855693073169,1.066370904266648,15.05143221169191,0.13567220399997082,0.05320559658280067,8.649329201294687
-1.591302048524605,0.7534286877469842,15.364374428211574,1.4988184690158686,0.29544629934682354,9.584137349860676
-2.3329017732797577,0.4096073678312624,15.708195748127297,-0.1233773201913001,-0.2668557115145802,9.127383884667353
1.0840943942741437,0.36875673269246756,15.74904638326609,-1.369087428356047,-0.7364515734042486,6.503711895678434
0.8630951944549472,0.5520904375998695,15.56571267835869,-0.9559574600335776,1.9454049420363544,7.575156179601386
1.0872257483411567,2.8479048063135695,13.26989830964499,-1.0807473335670865,-0.34093091578897283,9.317692556674325
0.5953986862191073,1.3597847639521705,14.758018352006388,0.02085722851684553,-6.27193415694468,8.555893740487466
-0.4517076907097952,0.3773175308018097,15.74048558515675,1.9554557275028015,-1.7713066142723772,7.8017908093344115
-1.9369840871699202,0.40274768058386695,15.715055435374692,0.6818032011978851,0.3438885454219623,8.767763531144741
-0.24884432024729575,0.4665589879527817,15.651244128005777,1.924996024372158,-0.9759355254145118,7.17390246980715
0.15725287310509942,0.985056400688101,15.132746715270457,0.45596687387031515,-0.643602355603149,7.949413018551961
-1.5282941568989117,0.8489556725611958,15.268847443397362,-3.0757763373235316,-1.2198085609850664,7.8521645452669295
1.1809042902541833,0.33480886820302064,15.782994247755537,-0.6340845104116936,1.3167202067977686,7.4125951351536905
-0.11617320387878148,0.23336529069933118,15.884437825259228,-1.3306144353650153,0.8485823327219769,9.134999440935093
-0.5569320042531991,0.9736397633328703,15.144163352625688,-2.106487583277496,-0.9313960718963026,9.498179249559055
0.9231685110172192,4.606517956388495,11.511285159570065,-1.1691725121942504,-12.891936492481674,7.985874763948088
-0.21463864031861735,4.7372924621150565,11.380510653843501,-0.9486372978526233,-0.2027114267056085,7.1482000129401175
0.5169193956853023,0.6629959218296174,15.454807194128941,3.1411002191994495,0.49429122742975884,8.782351128768513
0.2940851685220195,0.27792432237029613,15.839878793588262,0.04691591873865312,-0.6396758065773973,8.790973799422177
-1.070608471677809,0.21547617035683636,15.902326945601722,-1.9563009549998447,3.124515692037705,9.09614111737276
-0.4413684842794631,1.0367999214213268,15.081003194537232,2.763157862735972,0.28276751574190095,8.267184144290995
-1.2906038610455328,1.705536012452199,14.412267103506359,-2.2568059347322835,-0.034890045177148284,9.247527062358676
-1.146468950121539,0.3069130122822104,15.810890103676348,0.3835040421616715,1.4273111848019977,8.639773607105337
-0.7800593980465964,3.904078539498648,12.21372457645991,-1.1070560129230076,-0.12741078762264912,9.43768343438177
-0.012426780486761081,0.2533480701056534,15.864455045852905,-4.16434746535399,1.162965781178193,6.518836404736009
0.885930713285528,0.950716974169004,15.167086141789554,-0.47361560912819817,1.1287745093144235,7.349772841401763
0.6072186822979512,0.16579847771234046,15.952004638246219,0.43712528879392354,6.331069025724785,7.85026378867815
-1.2233159046913415,2.632617576466002,13.485185539492557,-0.6543516461373552,-0.7392818262677894,7.661366962392044
-1.5154270378742742,2.3441172702135553,13.773685845745003,2.857420240669238,0.46219792896486733,7.974945227377375
-0.42351506602696554,0.6120224203447906,15.505780695613769,-0.02020937366282005,2.1647013220897304,7.657513742958329
0.03543674953009168,0.2554823127589629,15.862320803199596,0.5362030201622552,0.9696336918003979,10.206702206362632
