Time_mins,Time_secs,SEX,AGE,Finish_Time
15.0,23.0,M,21.0,15.383333333333333
15.0,27.0,M,21.0,15.45
15.0,33.0,M,20.0,15.55
15.0,42.0,M,19.0,15.7
15.0,48.0,M,19.0,15.8
15.0,55.0,M,21.0,15.916666666666666
16.0,21.0,M,22.0,16.35
16.0,32.0,M,40.0,16.533333333333335
16.0,34.0,M,20.0,16.566666666666666
16.0,36.0,M,18.0,16.6
16.0,37.0,M,25.0,16.616666666666667
16.0,39.0,M,16.0,16.65
16.0,40.0,M,20.0,16.666666666666668
16.0,45.0,M,43.0,16.75
16.0,52.0,M,17.0,16.866666666666667
17.0,8.0,M,16.0,17.133333333333333
17.0,12.0,M,17.0,17.2
17.0,18.0,M,18.0,17.3
17.0,19.0,M,38.0,17.316666666666666
17.0,29.0,M,18.0,17.483333333333334
17.0,30.0,M,16.0,17.5
17.0,35.0,M,15.0,17.583333333333332
17.0,44.0,M,29.0,17.733333333333334
17.0,52.0,M,19.0,17.866666666666667
17.0,57.0,M,14.0,17.95
17.0,58.0,M,24.0,17.966666666666665
17.0,58.0,M,39.0,17.966666666666665
17.0,59.0,M,21.0,17.983333333333334
18.0,2.0,M,18.0,18.033333333333335
18.0,12.0,M,39.0,18.2
18.0,18.0,M,16.0,18.3
18.0,21.0,M,17.0,18.35
18.0,22.0,M,16.0,18.366666666666667
18.0,22.0,F,37.0,18.366666666666667
18.0,25.0,M,50.0,18.416666666666668
18.0,32.0,F,17.0,18.533333333333335
18.0,33.0,M,43.0,18.55
18.0,37.0,M,28.0,18.616666666666667
18.0,39.0,M,42.0,18.65
18.0,45.0,M,21.0,18.75
18.0,48.0,M,35.0,18.8
18.0,50.0,M,20.0,18.833333333333332
19.0,4.0,M,16.0,19.066666666666666
19.0,8.0,M,48.0,19.133333333333333
19.0,8.0,M,26.0,19.133333333333333
19.0,9.0,M,19.0,19.15
19.0,9.0,M,14.0,19.15
19.0,11.0,M,44.0,19.183333333333334
19.0,14.0,M,17.0,19.233333333333334
19.0,17.0,M,17.0,19.283333333333335
19.0,22.0,M,31.0,19.366666666666667
19.0,22.0,M,17.0,19.366666666666667
19.0,29.0,M,18.0,19.483333333333334
19.0,32.0,M,16.0,19.533333333333335
19.0,33.0,M,16.0,19.55
19.0,41.0,M,17.0,19.683333333333334
19.0,43.0,M,16.0,19.716666666666665
19.0,49.0,M,17.0,19.816666666666666
19.0,50.0,M,35.0,19.833333333333332
19.0,52.0,M,20.0,19.866666666666667
19.0,55.0,M,50.0,19.916666666666668
19.0,56.0,M,15.0,19.933333333333334
20.0,3.0,M,17.0,20.05
20.0,7.0,M,27.0,20.116666666666667
20.0,11.0,M,41.0,20.183333333333334
20.0,14.0,M,16.0,20.233333333333334
20.0,14.0,F,20.0,20.233333333333334
20.0,21.0,M,51.0,20.35
20.0,21.0,M,17.0,20.35
20.0,21.0,M,39.0,20.35
20.0,22.0,M,54.0,20.366666666666667
20.0,25.0,M,48.0,20.416666666666668
20.0,26.0,F,29.0,20.433333333333334
20.0,26.0,M,49.0,20.433333333333334
20.0,32.0,M,14.0,20.533333333333335
20.0,36.0,M,37.0,20.6
20.0,38.0,M,14.0,20.633333333333333
20.0,38.0,M,48.0,20.633333333333333
20.0,39.0,M,37.0,20.65
20.0,39.0,M,16.0,20.65
20.0,41.0,M,38.0,20.683333333333334
20.0,42.0,M,10.0,20.7
20.0,46.0,M,35.0,20.766666666666666
20.0,49.0,M,15.0,20.816666666666666
20.0,49.0,M,30.0,20.816666666666666
20.0,51.0,F,15.0,20.85
20.0,57.0,M,24.0,20.95
21.0,0.0,M,37.0,21.0
21.0,1.0,M,17.0,21.016666666666666
21.0,2.0,M,39.0,21.033333333333335
21.0,11.0,F,17.0,21.183333333333334
21.0,12.0,M,56.0,21.2
21.0,13.0,M,32.0,21.216666666666665
21.0,14.0,M,11.0,21.233333333333334
21.0,17.0,M,42.0,21.283333333333335
21.0,18.0,M,48.0,21.3
21.0,19.0,M,16.0,21.316666666666666
21.0,19.0,F,13.0,21.316666666666666
21.0,19.0,M,32.0,21.316666666666666
21.0,20.0,M,22.0,21.333333333333332
21.0,21.0,M,43.0,21.35
21.0,24.0,M,38.0,21.4
21.0,25.0,F,27.0,21.416666666666668
21.0,29.0,M,50.0,21.483333333333334
21.0,31.0,M,32.0,21.516666666666666
21.0,33.0,F,15.0,21.55
21.0,34.0,M,42.0,21.566666666666666
21.0,35.0,M,34.0,21.583333333333332
21.0,36.0,M,45.0,21.6
21.0,40.0,F,36.0,21.666666666666668
21.0,44.0,M,42.0,21.733333333333334
21.0,50.0,M,56.0,21.833333333333332
21.0,53.0,F,20.0,21.883333333333333
21.0,55.0,M,44.0,21.916666666666668
21.0,55.0,M,18.0,21.916666666666668
21.0,58.0,M,43.0,21.966666666666665
22.0,0.0,M,16.0,22.0
22.0,2.0,M,22.0,22.033333333333335
22.0,4.0,M,63.0,22.066666666666666
22.0,5.0,M,32.0,22.083333333333332
22.0,7.0,M,14.0,22.116666666666667
22.0,10.0,F,32.0,22.166666666666668
22.0,11.0,M,43.0,22.183333333333334
22.0,13.0,M,47.0,22.216666666666665
22.0,16.0,M,21.0,22.266666666666666
22.0,20.0,M,47.0,22.333333333333332
22.0,21.0,F,20.0,22.35
22.0,23.0,M,13.0,22.383333333333333
22.0,25.0,M,40.0,22.416666666666668
22.0,26.0,M,26.0,22.433333333333334
22.0,29.0,F,20.0,22.483333333333334
22.0,31.0,F,16.0,22.516666666666666
22.0,32.0,M,61.0,22.533333333333335
22.0,33.0,F,16.0,22.55
22.0,45.0,M,55.0,22.75
22.0,49.0,M,60.0,22.816666666666666
22.0,49.0,M,49.0,22.816666666666666
22.0,50.0,M,41.0,22.833333333333332
22.0,50.0,M,52.0,22.833333333333332
22.0,50.0,M,49.0,22.833333333333332
22.0,51.0,M,48.0,22.85
22.0,51.0,F,31.0,22.85
22.0,51.0,M,41.0,22.85
22.0,54.0,M,65.0,22.9
22.0,56.0,M,40.0,22.933333333333334
22.0,57.0,M,43.0,22.95
22.0,58.0,M,21.0,22.966666666666665
23.0,0.0,M,12.0,23.0
23.0,1.0,M,42.0,23.016666666666666
23.0,2.0,M,24.0,23.033333333333335
23.0,4.0,F,17.0,23.066666666666666
23.0,6.0,F,12.0,23.1
23.0,7.0,M,29.0,23.116666666666667
23.0,14.0,F,48.0,23.233333333333334
23.0,22.0,M,42.0,23.366666666666667
23.0,22.0,M,37.0,23.366666666666667
23.0,25.0,M,61.0,23.416666666666668
23.0,29.0,F,36.0,23.483333333333334
23.0,29.0,M,45.0,23.483333333333334
23.0,29.0,M,49.0,23.483333333333334
23.0,30.0,M,39.0,23.5
23.0,32.0,M,43.0,23.533333333333335
23.0,33.0,M,42.0,23.55
23.0,35.0,M,61.0,23.583333333333332
23.0,44.0,M,52.0,23.733333333333334
23.0,45.0,M,40.0,23.75
23.0,46.0,M,31.0,23.766666666666666
23.0,49.0,M,47.0,23.816666666666666
23.0,53.0,M,35.0,23.883333333333333
23.0,54.0,M,50.0,23.9
23.0,54.0,M,50.0,23.9
23.0,54.0,M,46.0,23.9
23.0,55.0,M,42.0,23.916666666666668
24.0,0.0,M,33.0,24.0
24.0,1.0,M,52.0,24.016666666666666
24.0,1.0,F,17.0,24.016666666666666
24.0,5.0,M,12.0,24.083333333333332
24.0,6.0,F,18.0,24.1
24.0,7.0,M,48.0,24.116666666666667
24.0,8.0,M,28.0,24.133333333333333
24.0,9.0,M,51.0,24.15
24.0,13.0,M,48.0,24.216666666666665
24.0,17.0,M,23.0,24.283333333333335
24.0,18.0,F,35.0,24.3
24.0,20.0,F,57.0,24.333333333333332
24.0,23.0,M,50.0,24.383333333333333
24.0,24.0,F,25.0,24.4
24.0,34.0,F,45.0,24.566666666666666
24.0,35.0,M,49.0,24.583333333333332
24.0,37.0,M,14.0,24.616666666666667
24.0,38.0,M,19.0,24.633333333333333
24.0,44.0,M,33.0,24.733333333333334
24.0,45.0,M,15.0,24.75
24.0,46.0,M,23.0,24.766666666666666
24.0,46.0,M,11.0,24.766666666666666
24.0,47.0,M,46.0,24.783333333333335
24.0,52.0,M,40.0,24.866666666666667
24.0,52.0,M,17.0,24.866666666666667
24.0,53.0,F,42.0,24.883333333333333
24.0,54.0,M,36.0,24.9
24.0,55.0,M,68.0,24.916666666666668
24.0,56.0,F,35.0,24.933333333333334
24.0,57.0,M,38.0,24.95
24.0,57.0,M,46.0,24.95
24.0,58.0,M,56.0,24.966666666666665
25.0,3.0,F,38.0,25.05
25.0,4.0,M,51.0,25.066666666666666
25.0,5.0,F,46.0,25.083333333333332
25.0,7.0,F,44.0,25.116666666666667
25.0,9.0,F,41.0,25.15
25.0,10.0,M,49.0,25.166666666666668
25.0,15.0,M,23.0,25.25
25.0,16.0,M,22.0,25.266666666666666
25.0,17.0,F,38.0,25.283333333333335
25.0,17.0,M,11.0,25.283333333333335
25.0,18.0,M,54.0,25.3
25.0,19.0,M,43.0,25.316666666666666
25.0,21.0,M,65.0,25.35
25.0,22.0,F,34.0,25.366666666666667
25.0,22.0,F,39.0,25.366666666666667
25.0,25.0,F,37.0,25.416666666666668
25.0,26.0,F,38.0,25.433333333333334
25.0,29.0,M,33.0,25.483333333333334
25.0,30.0,F,46.0,25.5
25.0,31.0,F,14.0,25.516666666666666
25.0,32.0,F,17.0,25.533333333333335
25.0,33.0,M,11.0,25.55
25.0,33.0,F,28.0,25.55
25.0,35.0,F,37.0,25.583333333333332
25.0,39.0,F,48.0,25.65
25.0,39.0,M,43.0,25.65
25.0,40.0,F,17.0,25.666666666666668
25.0,41.0,M,47.0,25.683333333333334
25.0,42.0,M,19.0,25.7
25.0,46.0,F,40.0,25.766666666666666
25.0,50.0,M,16.0,25.833333333333332
25.0,56.0,F,20.0,25.933333333333334
25.0,57.0,F,13.0,25.95
25.0,57.0,F,30.0,25.95
25.0,59.0,F,41.0,25.983333333333334
26.0,0.0,M,42.0,26.0
26.0,3.0,M,39.0,26.05
26.0,4.0,F,40.0,26.066666666666666
26.0,7.0,M,39.0,26.116666666666667
26.0,8.0,F,54.0,26.133333333333333
26.0,10.0,M,42.0,26.166666666666668
26.0,10.0,M,54.0,26.166666666666668
26.0,11.0,M,56.0,26.183333333333334
26.0,13.0,F,39.0,26.216666666666665
26.0,14.0,M,11.0,26.233333333333334
26.0,15.0,M,53.0,26.25
26.0,16.0,M,26.0,26.266666666666666
26.0,22.0,M,55.0,26.366666666666667
26.0,26.0,F,30.0,26.433333333333334
26.0,29.0,M,48.0,26.483333333333334
26.0,30.0,F,33.0,26.5
26.0,31.0,M,52.0,26.516666666666666
26.0,33.0,F,13.0,26.55
26.0,34.0,M,54.0,26.566666666666666
26.0,37.0,F,42.0,26.616666666666667
26.0,39.0,M,43.0,26.65
26.0,40.0,F,49.0,26.666666666666668
26.0,40.0,F,50.0,26.666666666666668
26.0,40.0,M,51.0,26.666666666666668
26.0,41.0,F,43.0,26.683333333333334
26.0,41.0,F,14.0,26.683333333333334
26.0,42.0,M,19.0,26.7
26.0,42.0,F,29.0,26.7
26.0,43.0,F,26.0,26.716666666666665
26.0,44.0,F,31.0,26.733333333333334
26.0,45.0,F,35.0,26.75
26.0,46.0,F,23.0,26.766666666666666
26.0,46.0,M,24.0,26.766666666666666
26.0,47.0,M,61.0,26.783333333333335
26.0,51.0,M,47.0,26.85
26.0,53.0,F,37.0,26.883333333333333
26.0,43.0,M,47.0,26.716666666666665
26.0,54.0,M,45.0,26.9
26.0,55.0,M,51.0,26.916666666666668
26.0,56.0,M,46.0,26.933333333333334
26.0,58.0,F,25.0,26.966666666666665
26.0,59.0,M,65.0,26.983333333333334
27.0,0.0,F,29.0,27.0
27.0,1.0,M,41.0,27.016666666666666
27.0,2.0,F,28.0,27.033333333333335
27.0,4.0,M,48.0,27.066666666666666
27.0,7.0,F,46.0,27.116666666666667
27.0,8.0,M,49.0,27.133333333333333
27.0,9.0,F,26.0,27.15
27.0,9.0,M,46.0,27.15
27.0,13.0,M,41.0,27.216666666666665
27.0,14.0,M,28.0,27.233333333333334
27.0,14.0,M,50.0,27.233333333333334
27.0,16.0,F,28.0,27.266666666666666
27.0,19.0,M,34.0,27.316666666666666
27.0,21.0,M,25.0,27.35
27.0,25.0,M,36.0,27.416666666666668
27.0,26.0,M,13.0,27.433333333333334
27.0,30.0,M,14.0,27.5
27.0,31.0,F,16.0,27.516666666666666
27.0,31.0,F,17.0,27.516666666666666
27.0,33.0,M,34.0,27.55
27.0,33.0,F,42.0,27.55
27.0,35.0,F,11.0,27.583333333333332
27.0,36.0,F,33.0,27.6
27.0,39.0,M,30.0,27.65
27.0,43.0,M,32.0,27.716666666666665
27.0,44.0,M,47.0,27.733333333333334
27.0,44.0,M,45.0,27.733333333333334
27.0,45.0,F,17.0,27.75
27.0,46.0,M,33.0,27.766666666666666
27.0,47.0,M,31.0,27.783333333333335
27.0,49.0,M,50.0,27.816666666666666
27.0,54.0,M,49.0,27.9
27.0,55.0,M,37.0,27.916666666666668
27.0,57.0,M,51.0,27.95
28.0,3.0,M,7.0,28.05
28.0,3.0,F,42.0,28.05
28.0,5.0,M,11.0,28.083333333333332
28.0,6.0,M,41.0,28.1
28.0,6.0,F,29.0,28.1
28.0,7.0,M,50.0,28.116666666666667
28.0,13.0,M,35.0,28.216666666666665
28.0,14.0,F,47.0,28.233333333333334
28.0,20.0,M,45.0,28.333333333333332
28.0,21.0,M,11.0,28.35
28.0,26.0,M,42.0,28.433333333333334
28.0,27.0,F,32.0,28.45
28.0,28.0,M,64.0,28.466666666666665
28.0,29.0,M,53.0,28.483333333333334
28.0,31.0,F,29.0,28.516666666666666
28.0,33.0,F,52.0,28.55
28.0,34.0,F,54.0,28.566666666666666
28.0,35.0,M,40.0,28.583333333333332
28.0,36.0,M,7.0,28.6
28.0,43.0,F,56.0,28.716666666666665
28.0,45.0,F,43.0,28.75
28.0,47.0,M,45.0,28.783333333333335
28.0,49.0,M,33.0,28.816666666666666
28.0,50.0,F,49.0,28.833333333333332
28.0,50.0,M,51.0,28.833333333333332
28.0,51.0,F,48.0,28.85
28.0,52.0,M,46.0,28.866666666666667
28.0,54.0,F,36.0,28.9
28.0,56.0,F,19.0,28.933333333333334
28.0,57.0,M,51.0,28.95
28.0,58.0,F,46.0,28.966666666666665
28.0,59.0,F,43.0,28.983333333333334
29.0,0.0,M,60.0,29.0
29.0,1.0,F,51.0,29.016666666666666
29.0,2.0,F,46.0,29.033333333333335
29.0,4.0,F,51.0,29.066666666666666
29.0,5.0,M,48.0,29.083333333333332
29.0,8.0,M,15.0,29.133333333333333
29.0,9.0,F,48.0,29.15
29.0,11.0,M,58.0,29.183333333333334
29.0,12.0,F,29.0,29.2
29.0,15.0,F,34.0,29.25
29.0,17.0,F,33.0,29.283333333333335
29.0,17.0,F,34.0,29.283333333333335
29.0,18.0,M,47.0,29.3
29.0,21.0,F,11.0,29.35
29.0,24.0,F,30.0,29.4
29.0,25.0,M,59.0,29.416666666666668
29.0,30.0,M,33.0,29.5
29.0,36.0,M,62.0,29.6
29.0,42.0,M,36.0,29.7
29.0,43.0,F,48.0,29.716666666666665
29.0,45.0,F,16.0,29.75
29.0,46.0,F,45.0,29.766666666666666
29.0,47.0,F,39.0,29.783333333333335
29.0,49.0,M,37.0,29.816666666666666
29.0,50.0,F,39.0,29.833333333333332
29.0,56.0,F,39.0,29.933333333333334
29.0,56.0,F,41.0,29.933333333333334
29.0,56.0,F,30.0,29.933333333333334
29.0,57.0,M,42.0,29.95
30.0,1.0,M,47.0,30.016666666666666
30.0,5.0,M,44.0,30.083333333333332
30.0,6.0,M,31.0,30.1
30.0,7.0,F,60.0,30.116666666666667
30.0,8.0,F,33.0,30.133333333333333
30.0,8.0,F,25.0,30.133333333333333
30.0,9.0,F,30.0,30.15
30.0,11.0,F,54.0,30.183333333333334
30.0,12.0,M,38.0,30.2
30.0,13.0,M,55.0,30.216666666666665
30.0,20.0,M,63.0,30.333333333333332
30.0,21.0,F,32.0,30.35
30.0,22.0,F,39.0,30.366666666666667
30.0,24.0,M,20.0,30.4
30.0,25.0,M,9.0,30.416666666666668
30.0,33.0,F,41.0,30.55
30.0,34.0,M,40.0,30.566666666666666
30.0,37.0,M,8.0,30.616666666666667
30.0,42.0,F,44.0,30.7
30.0,46.0,F,36.0,30.766666666666666
30.0,50.0,F,38.0,30.833333333333332
30.0,50.0,M,28.0,30.833333333333332
30.0,53.0,F,37.0,30.883333333333333
30.0,54.0,M,10.0,30.9
30.0,57.0,M,7.0,30.95
30.0,58.0,M,53.0,30.966666666666665
30.0,58.0,F,44.0,30.966666666666665
30.0,59.0,M,45.0,30.983333333333334
31.0,1.0,M,48.0,31.016666666666666
31.0,2.0,F,13.0,31.033333333333335
31.0,8.0,F,13.0,31.133333333333333
31.0,9.0,M,11.0,31.15
31.0,10.0,F,42.0,31.166666666666668
31.0,20.0,F,11.0,31.333333333333332
31.0,22.0,F,44.0,31.366666666666667
31.0,25.0,F,38.0,31.416666666666668
31.0,27.0,F,40.0,31.45
31.0,28.0,M,70.0,31.466666666666665
31.0,29.0,M,44.0,31.483333333333334
31.0,32.0,F,18.0,31.533333333333335
31.0,35.0,M,13.0,31.583333333333332
31.0,41.0,M,43.0,31.683333333333334
31.0,52.0,M,55.0,31.866666666666667
32.0,2.0,F,23.0,32.03333333333333
32.0,4.0,M,33.0,32.06666666666667
32.0,10.0,M,10.0,32.166666666666664
32.0,19.0,F,30.0,32.31666666666667
32.0,24.0,F,17.0,32.4
32.0,24.0,F,45.0,32.4
32.0,25.0,F,50.0,32.416666666666664
32.0,26.0,F,19.0,32.43333333333333
32.0,26.0,F,20.0,32.43333333333333
32.0,26.0,M,47.0,32.43333333333333
32.0,34.0,F,57.0,32.56666666666667
32.0,41.0,M,36.0,32.68333333333333
32.0,47.0,F,25.0,32.78333333333333
32.0,50.0,F,16.0,32.833333333333336
32.0,51.0,F,33.0,32.85
32.0,59.0,M,47.0,32.983333333333334
33.0,5.0,F,49.0,33.083333333333336
33.0,9.0,F,38.0,33.15
33.0,10.0,F,29.0,33.166666666666664
33.0,11.0,M,8.0,33.18333333333333
33.0,11.0,F,35.0,33.18333333333333
33.0,16.0,F,34.0,33.266666666666666
33.0,25.0,F,15.0,33.416666666666664
33.0,29.0,F,25.0,33.483333333333334
33.0,31.0,F,40.0,33.516666666666666
33.0,36.0,M,44.0,33.6
33.0,38.0,F,30.0,33.63333333333333
33.0,44.0,F,28.0,33.733333333333334
33.0,57.0,M,52.0,33.95
34.0,11.0,F,43.0,34.18333333333333
34.0,19.0,F,39.0,34.31666666666667
34.0,24.0,F,11.0,34.4
34.0,26.0,M,65.0,34.43333333333333
34.0,33.0,M,65.0,34.55
34.0,40.0,M,47.0,34.666666666666664
34.0,47.0,F,29.0,34.78333333333333
34.0,57.0,M,70.0,34.95
35.0,6.0,F,45.0,35.1
35.0,23.0,F,59.0,35.38333333333333
35.0,29.0,F,36.0,35.483333333333334
35.0,30.0,F,29.0,35.5
35.0,34.0,M,65.0,35.56666666666667
35.0,35.0,F,20.0,35.583333333333336
35.0,35.0,F,41.0,35.583333333333336
35.0,36.0,M,61.0,35.6
35.0,51.0,F,37.0,35.85
35.0,52.0,F,44.0,35.86666666666667
36.0,6.0,F,36.0,36.1
36.0,23.0,F,38.0,36.38333333333333
36.0,31.0,F,37.0,36.516666666666666
36.0,44.0,F,17.0,36.733333333333334
36.0,50.0,F,24.0,36.833333333333336
36.0,55.0,F,49.0,36.916666666666664
36.0,56.0,F,49.0,36.93333333333333
37.0,7.0,F,32.0,37.11666666666667
37.0,8.0,F,33.0,37.13333333333333
37.0,18.0,F,49.0,37.3
37.0,24.0,M,50.0,37.4
37.0,35.0,F,43.0,37.583333333333336
37.0,35.0,F,43.0,37.583333333333336
37.0,52.0,F,34.0,37.86666666666667
38.0,18.0,F,43.0,38.3
38.0,22.0,F,50.0,38.36666666666667
38.0,26.0,F,26.0,38.43333333333333
38.0,41.0,M,56.0,38.68333333333333
39.0,11.0,F,37.0,39.18333333333333
39.0,19.0,M,10.0,39.31666666666667
39.0,34.0,M,42.0,39.56666666666667
39.0,37.0,F,8.0,39.61666666666667
39.0,38.0,M,42.0,39.63333333333333
39.0,39.0,M,24.0,39.65
39.0,39.0,F,7.0,39.65
40.0,16.0,F,33.0,40.266666666666666
40.0,36.0,M,39.0,40.6
40.0,39.0,F,37.0,40.65
40.0,50.0,F,34.0,40.833333333333336
40.0,51.0,M,34.0,40.85
40.0,59.0,F,15.0,40.983333333333334
46.0,18.0,F,18.0,46.3
46.0,50.0,F,16.0,46.833333333333336
46.0,55.0,M,47.0,46.916666666666664
